RecruiterID,Name,Email,PhoneNumber,CompanyID
1,Michael Day,abrown@example.net,5026275042,418
2,Shawn Miller,anna45@example.com,283.333.5490x36563,712
3,Rodney Cowan,watsonzachary@example.net,321-704-0709,997
4,Jasmine Lucas DDS,stephanie00@example.net,964.333.6879x762,1217
5,Rodney Thomas,dstafford@example.com,457-611-6275x617,636
6,William Wong,collierbenjamin@example.org,617-958-0252x100,1225
7,Crystal Scott,annejohns@example.net,(236)300-1955,1326
8,Matthew Howe,lisagarcia@example.org,695.623.1866,709
9,Ruben Suarez,christopher67@example.org,638-627-9764,916
10,Eric Ibarra,cturner@example.net,546-499-4546,150
11,Stanley Brown,sheilasweeney@example.org,+1-235-560-1890x183,1047
12,Leah Torres,tharrison@example.com,981.887.0105x96746,1489
13,James Jones,rodneyrichardson@example.org,+1-964-848-1351x7563,1317
14,John Martin,stephanielamb@example.org,882-422-5056x8766,1288
15,Taylor Arnold,amanda37@example.org,741.860.3660x1115,28
16,Paul Walker,holmesnichole@example.com,(983)325-4348x350,840
17,James Gates,theresacrosby@example.com,+1-857-433-3540,173
18,James Lam,kristina14@example.net,779-893-0845x984,948
19,Mitchell Price,zimmermantommy@example.net,001-651-946-8103x255,838
20,Michael Miles,brandismall@example.org,001-622-284-5509,343
21,Alicia Evans,garciacatherine@example.net,429-767-2990x02188,1099
22,Patricia Blake,brittanyjohnson@example.org,(927)756-8991,459
23,Jose Hunter,kathryn95@example.org,648.318.4419,970
24,Mariah Kelly,kathrynjones@example.net,(217)660-7414x2628,560
25,Jeremy Davis,maldonadojohn@example.org,+1-720-465-2243x4938,129
26,Rebecca Burns,yhood@example.net,(826)984-1040,25
27,Kelsey Mcfarland,timothymccall@example.org,309-595-5949,751
28,Chelsea Guzman,samuel52@example.net,(244)337-5175,813
29,Randall Bowman,laurawright@example.net,452.376.9025,653
30,Cory Walker,hannah72@example.com,001-520-357-3005x08254,1027
31,Justin Douglas,lauramaldonado@example.org,566.298.8745x52849,603
32,Kathryn Hanson,andrewnielsen@example.org,925-338-2390,1246
33,Jonathan Moore,alejandra83@example.org,271.219.8726x77260,1191
34,Richard Cantu,schneiderpatrick@example.org,699-621-3980x73221,1276
35,Allison Hansen,philip70@example.org,+1-611-226-4589x789,502
36,Michelle Olson,brownseth@example.com,847-526-7732x4959,942
37,Jonathan Joyce,brian96@example.org,001-607-291-8528x9654,1068
38,Tami Jimenez,sue64@example.org,001-938-787-9844x29881,995
39,Eric Daniels,chavezkelli@example.com,573-809-0764x46229,779
40,Justin Rodriguez,obriencody@example.net,+1-456-551-2238x6264,1045
41,Frank Jackson,brandon05@example.com,319.753.1966x28366,663
42,Joseph Harrison,cochranelizabeth@example.org,+1-420-613-7593x627,927
43,Amy Castillo,derek71@example.com,340.857.8825,325
44,April Spencer,xstevens@example.com,001-386-893-1260x222,1335
45,Jeffrey Taylor,nmcintosh@example.org,930.838.3901x038,268
46,Tiffany Wilson,joshuafox@example.com,(587)231-3709x8326,602
47,Mr. Andrew Johnson,henry64@example.net,8498928629,552
48,Barbara Morgan,lopezdeanna@example.net,+1-544-769-9271x2591,1106
49,Zachary Andrade,dmullins@example.org,(233)813-4451x0788,1364
50,Anthony Savage,zdorsey@example.net,653-533-2241,276
51,Susan Rivera,zgriffith@example.net,960-769-8489x596,979
52,Mr. Jacob Rogers,nicolelewis@example.net,(692)865-9544,1439
53,Roger Kirby,brandytaylor@example.com,849.354.7972,1403
54,Shawn Phillips,timothy88@example.com,414-366-4412x8640,356
55,Christine Miller,jason82@example.net,+1-820-781-4036x019,1413
56,Angela Miranda,nicholas90@example.net,845.927.5194x038,196
57,Richard Parker,halldavid@example.com,806-560-2774x9883,573
58,Terry Cooper,danielsjeremy@example.net,(276)657-4698x9308,1188
59,Christine Mcneil,dawn19@example.com,(629)888-4845x5264,306
60,Kelly Nguyen,jennifer54@example.net,777.867.7820,421
61,Jeffrey Nelson,joseph79@example.org,+1-744-580-4659x43029,74
62,Timothy Burke,gbrown@example.org,+1-432-679-5456,797
63,James Gill,desiree03@example.net,(359)630-3311,987
64,Peter Reynolds,larry98@example.org,499-414-7339x740,1352
65,Jeremiah Avila,david22@example.org,+1-943-919-5273,92
66,Michael Ball,xmunoz@example.org,548-383-0871,1120
67,John Owens,justin30@example.org,+1-699-810-2092,1366
68,Courtney Robinson,monica88@example.org,4259627415,268
69,Brandon Warner,barbaradrake@example.org,415-668-3811,695
70,Emily Lewis,bwatson@example.com,(371)727-9761,636
71,Crystal Nielsen,jjackson@example.com,390-991-7898x309,376
72,Joseph Price,awerner@example.org,(689)818-4369,68
73,Suzanne Hill,matthewberry@example.org,758-523-1816x83721,635
74,Joseph Henry,xthompson@example.net,871-940-6368,910
75,Angela White,jestrada@example.net,(348)879-5426x492,835
76,Rodney Cantrell PhD,rebecca15@example.org,559-292-6985x1883,382
77,Michael Aguilar,jacquelineberger@example.net,001-442-245-1663x6606,953
78,Paige Bernard,yhines@example.com,(305)406-2953x5710,748
79,Mr. Joseph Dickerson,stephen08@example.net,244-426-1838x8289,127
80,Kimberly Shah,dylan28@example.com,341-776-0820x45261,89
81,Steven Khan,robertsondebra@example.org,+1-841-285-7787x0762,1028
82,Scott Edwards,flynndavid@example.com,001-933-958-6900x039,765
83,Beth Mendoza,adam19@example.net,363.845.4673x330,1499
84,Matthew Green,michael75@example.net,(493)325-2231,1499
85,Kelly Thompson,piercelaurie@example.org,(768)754-9374,655
86,Tamara Turner,caitlin00@example.net,352.679.6667x480,1409
87,Stephanie Decker,ymcgrath@example.org,834.652.1107x17907,1242
88,Helen Thompson,gomezchase@example.org,7859091635,1345
89,Dennis Myers,carolwilliams@example.com,945-291-2054x09877,1330
90,Cindy Bates,marcus33@example.com,387.672.4914,896
91,Daniel Noble,kristi63@example.com,+1-731-481-6631x93922,305
92,Brian Chandler,chadjones@example.net,001-615-522-8567x7490,505
93,Gary Butler,davidscott@example.net,4238701961,679
94,Megan Palmer,wnguyen@example.org,784-368-2640x835,1057
95,Sandra Flowers,awatson@example.org,482.687.7698x83113,56
96,Tiffany Cameron,jeff38@example.org,+1-902-959-5343x3776,1297
97,Matthew Singleton,johnmartin@example.com,001-351-927-2636x916,706
98,Bradley Fernandez,kellyfitzgerald@example.net,+1-305-996-2823x24704,509
99,Brittany Gordon,christophershepherd@example.com,631.862.9501x532,622
100,Victor Davidson,wrightruben@example.com,+1-234-730-0993x141,716
101,Anna Wallace,tespinoza@example.net,9287788747,1483
102,Philip Reynolds,pwaters@example.net,001-613-895-2959,474
103,Suzanne Waters,vlucas@example.net,(962)466-6989x481,1321
104,Rebecca Smith,rhonda42@example.net,571.683.9285x245,119
105,Debra Fernandez,vasquezsteven@example.com,(474)213-6741,444
106,Joshua Petersen,shane19@example.com,4284765002,464
107,Karla Barnes,christopherhaney@example.net,(256)816-8971,882
108,William Thompson,ericksonbrett@example.org,(314)314-1156x0679,493
109,Janet Nichols,owilliams@example.net,5253724310,890
110,Gregory Whitaker,elizabeth47@example.com,+1-440-660-6899x919,1193
111,Daniel Mays,hawkinskristina@example.net,(941)422-3656,1246
112,Joanne Romero,brendaolson@example.net,318-283-3549x94015,1358
113,Michael Pratt PhD,perrytaylor@example.net,249-801-2948x444,180
114,Barbara Smith,mcarpenter@example.net,979.449.0315x0853,189
115,Marcus Lozano,wpace@example.net,993-756-5112x0004,457
116,Candace House,trevorsantiago@example.net,788-205-1331x5707,386
117,Anita Mays,manningmackenzie@example.org,001-301-644-1688x1470,396
118,David Butler,hernandezchristina@example.com,(301)416-7997x640,121
119,Morgan Salazar,robbinsandrea@example.org,+1-515-608-6460,537
120,Emily Malone,herrerarita@example.net,(289)767-5246x2321,195
121,Denise Frank,amanda07@example.org,001-499-526-4099x478,1014
122,Alexa Golden,freid@example.org,230-399-6688x302,10
123,Darrell Eaton,petersoncatherine@example.org,775.537.6446x304,560
124,Rebecca Gordon,brian47@example.com,(843)279-0534x52937,1393
125,Andrea House,nathan10@example.org,922-538-4470x5477,477
126,Andre Deleon,ydominguez@example.net,484-701-8855x89576,234
127,Vicki Harrison,henry88@example.net,001-260-573-4501x820,1366
128,Austin Lopez,jaredtrujillo@example.org,+1-349-745-9869x435,772
129,Lisa Gonzalez,valvarez@example.org,247.473.9578,134
130,Mrs. Sarah Lawrence,adamcook@example.net,(753)733-0598x5302,960
131,Michael Adams,jeremyreid@example.com,882.936.9048x24133,872
132,Christine Tucker,ywarren@example.org,(605)208-1300x745,348
133,Jane Gomez,michaelbird@example.com,397-561-0026x76095,164
134,Margaret Gomez,rodriguezjonathan@example.net,+1-894-824-8657x3508,1399
135,Joseph Mayo,ronaldmeyer@example.org,+1-636-740-4355x0185,1103
136,Adam Hurst,kward@example.net,001-591-887-1669x56598,346
137,Jeanne Lopez,phamilton@example.net,001-324-509-3696x000,282
138,Colleen Rose,samanthawalter@example.org,001-552-606-4890,482
139,Pamela Jackson,sharon45@example.com,+1-626-404-8164x643,826
140,Jeffery Jones,ilogan@example.net,(447)566-6482,300
141,Melinda Pollard,kskinner@example.org,(996)855-8873,366
142,Raymond Michael,davidthomas@example.net,691-344-2503x6352,966
143,Jose Norman,ruizadam@example.com,(923)814-5783,255
144,Carl Coleman,justin73@example.com,(885)857-2965x8350,1136
145,Luke Sharp,vasquezanthony@example.com,903.682.4809x2035,562
146,Dana Cooper,ubridges@example.net,456.329.8869x21143,1202
147,Jose Coleman,rgonzales@example.org,+1-813-585-6071x590,164
148,Breanna Owen,ucarr@example.net,+1-680-951-4232x70786,830
149,Angel Kim,lisa86@example.org,786-321-4567x031,1176
150,Christopher Wood,kimberly01@example.com,429.849.9361x60334,91
151,Blake Collier,gabrielatanner@example.org,(561)493-4822,1428
152,Crystal Kramer,jonesrichard@example.com,001-878-346-5983x798,843
153,Patrick Long,garciamary@example.com,001-480-741-1321x76216,1169
154,John Smith,ericsellers@example.org,(340)423-0784x177,1442
155,John Sparks,jgregory@example.com,540-282-2516x35829,1109
156,Christopher Thomas,hamiltonjoshua@example.net,647-205-1199x6157,1373
157,Ann Murray,thomasshawn@example.net,(319)281-1825,432
158,Laurie Singleton,ywilliams@example.com,338-705-9813x780,1440
159,Lisa Perkins,bbray@example.com,+1-646-312-5320,568
160,Kristina West,fhouston@example.org,461-683-4063x89819,906
161,Ryan Clark,kathrynnguyen@example.org,587.511.4418x48570,1225
162,Richard Smith,jasonwilliams@example.com,(756)232-9800x952,617
163,Kevin Harrison,tdavis@example.org,(519)312-8999x4791,328
164,Matthew Thompson,barbara34@example.com,001-825-568-9906x71572,997
165,Deborah Berry,brandon46@example.org,001-246-444-7720x054,1050
166,Helen Poole,angela93@example.org,7627633673,1078
167,Kelsey Mckinney,kevin52@example.com,546-620-0901x99189,813
168,Kelly Nelson,linda69@example.com,(406)821-4579x3414,1403
169,Michael Murphy,sarah48@example.com,001-498-321-2752x366,1492
170,Keith Brown,ernest89@example.org,(922)428-0030x08861,649
171,Dale Owens,omeadows@example.com,893-312-9251x625,449
172,Jeffrey Hernandez,shannongonzalez@example.net,788-709-0173x963,871
173,Jean Chan,alex53@example.net,001-359-502-4723x5504,1127
174,Stephanie Hamilton,jessica09@example.org,001-560-809-0446x434,3
175,Justin Hardin,roger95@example.net,(235)713-6590,1218
176,Keith Henderson,houserobert@example.com,(647)603-3666x018,225
177,Blake Valenzuela,alexisevans@example.org,449-632-0009x5551,399
178,Tina Stone,oscardiaz@example.net,(759)419-7352x564,468
179,Dr. Kristen Harris,mahoneyeric@example.com,808.646.8729,266
180,Robin Marshall,torresanthony@example.net,001-504-434-6203x4517,694
181,Cassandra Blevins,tmarshall@example.com,+1-661-370-1319,1200
182,Amanda Coffey,molinajason@example.net,(588)882-7724,98
183,John Rodriguez,blackcharles@example.net,(536)505-7572,1077
184,Justin Miller,hillmason@example.org,+1-209-706-3824x9979,1372
185,John Frazier,calebjohnson@example.com,474-635-0309x35569,242
186,Catherine Castro,crodriguez@example.net,001-774-635-2868x08506,940
187,Heather Garcia,vgalloway@example.org,(460)561-9728,882
188,Lucas Gonzalez,graveskevin@example.com,+1-351-273-6190,65
189,Nancy Obrien,fanderson@example.org,567.794.6353x7534,425
190,Matthew Valdez,hayley11@example.net,(384)701-4672x699,239
191,Mr. John Patterson,amanda88@example.com,292.227.0731,353
192,Brianna Williams,matthewrojas@example.com,(381)800-1206x02849,1000
193,Joshua Jackson,vicki11@example.com,001-451-883-7053x98310,184
194,Deborah Turner,briannacalderon@example.net,001-407-446-7589,1353
195,Teresa Lindsey,lindsay52@example.net,(740)800-7577,586
196,Gabrielle Matthews,davidandersen@example.com,001-760-379-2639,443
197,Kelsey Cordova,xmcdonald@example.org,001-863-614-0447,1091
198,Destiny Smith,justinpearson@example.net,001-982-942-6073x928,438
199,Karen Hernandez,jsmith@example.org,(841)761-8730,666
200,Amanda Krueger,crystal64@example.net,(513)625-3398x787,1039
201,Pam Fletcher,iholland@example.org,979.945.8649x790,718
202,Patrick Nunez,bcole@example.org,904-658-0458x4389,1283
203,Andrew Butler,lisa33@example.net,663.239.9588x328,138
204,Jamie Lopez,arthurmcgrath@example.com,6053172727,1240
205,Amy Alexander,tbrooks@example.org,290.904.3476,348
206,Sheila Brown,lrivera@example.net,624.496.0097x798,511
207,Ms. Ashley Harris,donnagriffin@example.org,+1-752-219-0207x932,262
208,Mary Vega,lowens@example.org,506.926.3129,83
209,Alex Peters,jenniferharris@example.org,202-574-6750x6178,102
210,Adam Hill,imills@example.org,+1-945-728-9665x967,1346
211,Adrian Jefferson,sbryant@example.com,+1-612-808-3182x4429,643
212,Katherine Carlson,john92@example.net,594.723.6320x795,871
213,Brandy Anderson,david81@example.com,9354448543,1157
214,Christine Bryant,michele14@example.net,001-954-833-4415x1768,15
215,Mike Johnson,wiseheather@example.org,605-843-5390x929,282
216,Victor Drake,suareztonya@example.net,632.629.1924x6315,137
217,Kristin Chavez,suzanneellis@example.org,8966511385,992
218,Brandon Simpson,david19@example.org,711-946-3919x08214,554
219,Ryan Anderson,whitejonathon@example.net,991-273-5511x6731,1076
220,Paul Robertson,mcolon@example.com,476.558.3404x851,483
221,Jessica Callahan,ufrazier@example.org,001-285-787-4955x48889,517
222,Donald Gonzalez,lrodriguez@example.net,(339)749-5823x4488,123
223,Jennifer Cunningham,lopezanita@example.com,(761)234-7259,1254
224,George Goodman,lwells@example.net,429-210-9520x2617,114
225,Allison Alvarez,elizabeth53@example.net,(568)816-6732,866
226,Samuel Martinez,kcervantes@example.net,335-606-5526,1301
227,Robert Graham,williamsjoshua@example.com,442-402-7405,1417
228,Debra Trujillo,ghall@example.org,+1-923-532-0971x729,1109
229,Jason Burns,thomashodges@example.com,001-824-232-7281x01650,248
230,Deanna Jones,michele08@example.com,(855)267-1657,17
231,Donna Martin,phillipsangela@example.org,001-414-285-2972,1481
232,Roberto Hall,lewisryan@example.com,587.424.8395x39630,93
233,Thomas Harding,clarkmartha@example.com,+1-609-822-7988,1295
234,Scott Miranda,frankrobert@example.org,592-718-8036,814
235,Dean Boyd,janderson@example.com,478.956.0627x64527,1343
236,Gordon Rogers,kshepard@example.com,+1-670-564-8968x236,1189
237,Christopher Jordan,greerisaac@example.net,242-869-9529x93162,115
238,Kimberly West,julie11@example.net,688-720-0662,1334
239,William Harrison,kristina18@example.org,465-526-8269,275
240,Michelle Potts,zachary18@example.com,(871)445-3681x82360,1144
241,Michael Clark,charlessmith@example.org,+1-299-920-4787x76349,1278
242,Nicole Stone,andersonsusan@example.net,(925)557-2210,509
243,Michael Kelly,jeremy39@example.com,001-827-201-4573,1359
244,Mark Sherman,howellmatthew@example.com,001-731-519-4722x914,726
245,Kristine Lozano,padillacindy@example.org,+1-896-437-2548,42
246,Melissa Wright,brianwheeler@example.net,+1-600-998-8759,800
247,Mark Sparks,lindadelgado@example.net,001-754-633-1518x76006,1140
248,Brittney Navarro,melodyramirez@example.org,(234)293-0425,235
249,Robert Reed,gcarter@example.com,001-212-462-0460,283
250,April Thompson,matthew32@example.com,001-731-873-4321x6812,486
251,Eric Patterson,moraraymond@example.net,462-213-7584,951
252,Brandy Wood,scott52@example.net,001-604-488-6883x22246,861
253,Donna Harrison,mullinsjason@example.org,+1-546-375-2815,1399
254,Laura Armstrong,jenniferburns@example.net,628-837-8759,855
255,Ashley Taylor,preston43@example.org,+1-808-965-7544x919,304
256,Sierra Campbell DVM,cookdavid@example.org,324-245-6654,920
257,Joe Mcgrath,kim26@example.org,+1-359-662-9038,536
258,Jodi Acosta,joseph16@example.com,001-578-816-8558x8854,1315
259,Tiffany Smith,nancywhite@example.org,001-300-850-2309x1039,1091
260,Jeremiah Lane,yreid@example.net,393-477-4648,835
261,Daniel Sutton Jr.,williamsjustin@example.net,304-560-1599x65376,9
262,Amy Mccarthy,wjimenez@example.org,+1-388-708-4093x3655,1237
263,Margaret White,fergusonrobert@example.com,+1-782-592-6139,570
264,Patricia Mccoy,xwilliams@example.com,415-712-6770x216,657
265,Robert Peck,stephaniepowers@example.net,(249)311-5490x54087,1428
266,Corey Frank,richardnavarro@example.com,(801)677-3579,141
267,Alicia Miller,erickeller@example.org,(467)397-3848,1347
268,Lisa Weiss,jonesnathaniel@example.net,(780)798-9692,1067
269,Michelle Fox,otorres@example.net,810.267.0373,377
270,Brett Adams,jflowers@example.com,448-980-4936x413,301
271,Joseph Austin,moranrhonda@example.net,4007667229,680
272,Robert Miller,bwelch@example.net,343.331.8728,350
273,Keith Hoffman,kelli92@example.org,7975784247,546
274,Joshua Ewing,russellpenny@example.net,001-749-694-3564,813
275,Alicia Bailey,zacharykelley@example.com,5082097526,1189
276,Anthony Morales,sharper@example.org,+1-991-278-0565,389
277,Catherine West,gholt@example.net,(921)605-8471x0029,923
278,Logan Wilcox,lisasandoval@example.com,918-758-2073x6920,355
279,Daniel Bradley,cindymartinez@example.com,001-336-912-5580x45562,1323
280,Jennifer Robinson,meyersamantha@example.net,(501)262-0484,238
281,William Martin,richardbarber@example.com,+1-416-808-3620,943
282,Jessica Carpenter,ugibbs@example.org,+1-534-445-7654,513
283,Dr. Natalie Wood,clementstyler@example.com,282-768-2404x2140,1474
284,Robert Browning,oduke@example.net,+1-933-765-4203,472
285,Vanessa Moore,ysherman@example.org,8338175258,173
286,Joseph Cooke,heatherjacobs@example.com,+1-529-455-7290x36487,1231
287,Elizabeth Durham,mconner@example.net,551.993.5674x41626,21
288,Bob Bryan,wilkersonmeredith@example.com,937-308-1362,1477
289,Paula Vargas,hernandezdebra@example.net,516-878-3809x1486,723
290,Ashley Hamilton,luisrandolph@example.org,(507)754-2923,491
291,Jennifer Brown,meagan88@example.net,681.812.5068,1287
292,Stephanie Garcia,rsanchez@example.org,829.940.4808x8906,927
293,Julia Davis,herrerajacob@example.org,001-459-340-8865x062,779
294,Peggy Peterson,brookshunter@example.net,+1-941-391-1028x3283,394
295,Robert Lynch,jason84@example.net,637.699.8672,1121
296,Kristen Merritt,richardrobertson@example.com,(607)215-8564x958,1051
297,Ashley Caldwell,taylor80@example.net,+1-469-844-2556x98929,451
298,David Smith,bridget91@example.net,8417346715,980
299,Martha Guerrero,stoneolivia@example.com,525.422.6095x53324,53
300,Rita Jimenez,craiglori@example.net,+1-413-500-6584x64108,366
301,Brian Williams,tchavez@example.com,273.936.5589,960
302,Mr. Aaron Woods,moranalexander@example.com,(277)948-3504x513,1077
303,Fernando Jackson,james66@example.net,+1-567-501-6296x4174,20
304,Daniel Peterson,nwilson@example.net,001-382-436-9879x99464,219
305,Hannah Bryant,briana39@example.org,+1-638-447-2416,1043
306,Dr. Kenneth Powell,jblankenship@example.net,533.541.0813,80
307,William Cox,tylerbrown@example.org,001-456-564-8599x4408,956
308,Sydney Blair,ohall@example.org,870.972.6592x83667,741
309,Mary Page,ryanolivia@example.com,532.338.3488,418
310,Travis Henry,qmorris@example.org,+1-677-686-0885x43159,75
311,Judith Fischer,wilkinslacey@example.net,2162915985,1490
312,Scott Hopkins,murphyemily@example.org,3678832001,979
313,Brooke Holland,caldwellryan@example.org,390-943-8753x15834,1472
314,Brian Adams,huntermelissa@example.net,632.885.6740,1201
315,Joseph Nolan,baileydouglas@example.net,(414)267-9649,13
316,Angela Knox,brownconnie@example.com,(871)332-5511,667
317,Anthony Mitchell,justin78@example.net,(594)893-2855x70554,744
318,Michael Coleman,oolson@example.net,591-554-9740,4
319,Richard Campbell,bparker@example.com,(653)956-3218x8932,1085
320,Stephanie Molina,joyce71@example.com,(835)594-9259x1481,686
321,Mitchell Hawkins,coffeymisty@example.com,(989)626-6021x529,201
322,Felicia Mejia,chad20@example.net,+1-436-719-0308x202,1130
323,Mary Gomez,hortonmichele@example.net,+1-214-931-8794x93747,535
324,Luis Li,andrewcoleman@example.com,2697242170,393
325,Lauren Porter,edwardskelsey@example.org,+1-309-221-4469x9041,1404
326,Aaron Finley,lisa10@example.org,+1-272-833-4064x86612,91
327,Mr. Andrew Gonzales,craig37@example.com,8992357019,1271
328,John Lee,xparker@example.org,558-319-6154,830
329,Tina Gomez,cindyeverett@example.com,356.411.0860x854,1331
330,Andrea Brown,johnsonjennifer@example.net,(832)660-3373x6607,1419
331,Steven Zhang MD,stephaniebutler@example.com,001-637-718-0239x2317,1124
332,Laura Reyes,kferrell@example.org,(293)669-7434x0684,1003
333,Vanessa George,veronicajones@example.net,001-202-201-8940x309,791
334,Diana Watson,obowman@example.com,(834)226-2177,926
335,Christopher Daniels,eric16@example.net,216-561-9890,914
336,Dean Perez,zstrickland@example.net,913-764-9799x29017,644
337,Kim King,amy21@example.org,929-519-6149,784
338,Shannon Marks,csnyder@example.com,604.373.1613x036,151
339,Judy Arias,ericksongeorge@example.com,771-525-8139x407,324
340,Emily Williams,istark@example.com,+1-816-237-9842x2005,586
341,Teresa Jones,wagnerandrew@example.org,001-212-951-9945x245,371
342,Sheila Foster,ashleybrown@example.org,001-360-316-3926x1524,1015
343,Michael Moore,conleymitchell@example.com,+1-456-608-1388,510
344,John Hayes,jasonjohnson@example.org,+1-378-526-8613x76717,1221
345,Bryan Lewis,cherylfleming@example.com,001-528-631-1197x8156,803
346,Michael Price,michelle81@example.org,(821)941-0870,1099
347,Nathan Bowman,alexadams@example.net,(581)686-4120x9799,549
348,Samantha Brown,fsanchez@example.com,236.289.2020,920
349,Maria Santos,xreed@example.com,(896)671-7575x7331,309
350,Christopher Brooks,sierragilbert@example.org,282-922-2192,303
351,Allison Moore,michael68@example.org,+1-625-444-1969x6548,1267
352,Alexis Spencer,juliesmith@example.org,001-686-995-6423,1072
353,Ebony Johnson,luis62@example.net,794.477.4009x09434,149
354,Timothy Patrick,cannonbrandy@example.org,+1-760-854-2387x39971,821
355,Megan Medina,maureenchapman@example.com,463-650-9837x96009,753
356,Matthew Lewis,jenniferjohnson@example.net,908.552.1361x56245,94
357,Dylan Melton,gibsonjoshua@example.net,222-234-5635,494
358,Michael Pitts,hamptondaniel@example.org,(474)528-9292x192,731
359,Danielle Lewis,alexandria02@example.net,565.811.8009x232,137
360,Barbara Floyd,vincentlowery@example.net,585-271-4658x294,680
361,Amy Green,brent49@example.com,420-989-4009x656,974
362,Megan Russell,wtorres@example.net,+1-628-758-8501x9191,830
363,Adam Williamson,laurenjohnson@example.com,(508)839-1597x67416,523
364,April Johnson,williamsbrenda@example.org,222.266.7126x830,1168
365,Melanie Buchanan,bryantrebecca@example.net,(764)963-8391x847,1068
366,Cory Cunningham,hjohnson@example.com,+1-406-775-4223x7578,1400
367,Amy Lewis,bprice@example.org,948-586-8103x990,776
368,Mr. Donald Rodriguez,richardsonkenneth@example.com,2708742202,1406
369,Tony Silva,jeffersonbarbara@example.com,+1-616-300-5423x0467,1500
370,Paul Myers,annafrancis@example.com,+1-453-664-2002x509,949
371,Kurt Sanders,pauldominguez@example.net,449-789-2216x753,61
372,Jennifer Wright,sandrapetersen@example.com,+1-346-676-3825x26133,1304
373,David Yoder,mcintyredouglas@example.com,+1-728-222-0802x9636,1144
374,Erica Henderson,daniel60@example.org,994-542-5994x51825,660
375,Casey Stokes,rachael39@example.org,828-373-6406x013,534
376,Ms. Gwendolyn Holden PhD,tmcgee@example.org,(929)680-0827x548,825
377,Rhonda Rich,npage@example.org,(499)767-5404,1268
378,Raymond Porter,ycruz@example.com,521-858-4621x35647,380
379,Carlos Alvarado,vgarcia@example.org,813.213.4918,304
380,Misty Bailey,hknight@example.com,929.629.4606,1469
381,Matthew Garcia,rachelpeterson@example.com,001-557-365-7578x018,1305
382,Dr. Heather Conway,jeremy26@example.com,+1-424-640-0819x2729,1128
383,Kevin Johnson,davidharris@example.org,302.268.0657x04813,936
384,Seth Garcia,xanderson@example.org,(258)997-8638x634,13
385,Charles Escobar,srosales@example.org,(445)284-1286x73525,212
386,Deborah Graham,brendagentry@example.net,425-768-7420,77
387,Jacqueline Butler,steven17@example.com,771.407.0725,1069
388,Linda Mitchell,brandon52@example.org,2943405410,1319
389,Mark Rodriguez,anthony23@example.com,+1-732-815-1362x80808,448
390,Brandon Malone,elizabethdavis@example.com,7778345569,413
391,Melissa Davis,qrobbins@example.org,8487539489,286
392,Lisa Romero,fhicks@example.com,2743980862,682
393,Johnathan Kramer,jamiehobbs@example.org,623-886-2320x6901,1213
394,Sean Perez,jameslopez@example.com,+1-393-401-6776x60365,933
395,Steven Hester,olewis@example.com,709.855.5886x9795,1146
396,Christopher Nelson DVM,kevinrose@example.net,+1-694-586-8654x7201,496
397,Michelle Gonzalez,livingstonrebecca@example.net,+1-593-605-4081x884,164
398,Isabella Shaw,mikaylaacevedo@example.com,001-847-468-5124,447
399,Christina Bishop,rosemichele@example.net,507.961.6289,860
400,Julie Koch,douglas07@example.com,(571)805-1739,68
401,Emily Freeman,jacksonshawn@example.net,523.407.5230,792
402,Frank Rios,ijones@example.com,409.730.8604,945
403,Austin Kennedy,michael79@example.org,400-839-2956x115,240
404,Christina Lopez,dominiquehicks@example.net,394-216-2605x41145,646
405,Matthew Miller,craighopkins@example.org,239.728.1654,651
406,Cynthia Deleon,joneskaren@example.net,716-797-8113x70188,978
407,Thomas Roberts,sarahturner@example.org,(908)910-0010x478,361
408,Michael Sullivan,ckramer@example.org,+1-693-784-4055x570,1297
409,Natasha Lawrence,knappdarlene@example.org,2427982289,339
410,Elijah Harrison,maria86@example.org,7484048010,595
411,Jamie Diaz,leejennifer@example.org,001-593-249-6087x259,834
412,Adam Jackson,lindseyhudson@example.net,+1-710-613-1873x8116,619
413,Blake Adkins,deborahgonzales@example.com,3505261755,908
414,Mr. Jon Romero,rphillips@example.org,+1-945-653-1529x8393,636
415,Marissa Davis,ryanweaver@example.net,531-910-0107x9168,1042
416,Kelly Boone,tammiethomas@example.com,4644843303,1024
417,Cameron Clayton,nicolefox@example.com,(780)297-4050x73543,166
418,Angela Rose,stacey49@example.net,+1-378-675-3610x919,598
419,Jonathan Young,timothyharrison@example.com,295-509-0337,825
420,Charlene Taylor,zrandolph@example.net,(852)309-8488x472,760
421,Jessica Perry,colingarcia@example.org,001-881-298-9622,1083
422,Steve Mccoy,vhowell@example.org,855.676.9979x74716,1227
423,Austin Cummings,grice@example.net,(440)466-2084,1100
424,Johnny Mcintyre,andrewramos@example.net,(863)227-8452,624
425,Christina Thompson,hortega@example.com,930-588-5145x882,70
426,Dean Graham,marshallsusan@example.net,+1-589-219-5366x6088,719
427,Adam Poole,morenodavid@example.org,9908365749,43
428,James Mason,tylerhaley@example.net,(496)243-0451,1377
429,Travis Parker,josephchristopher@example.com,001-688-752-1562x430,1076
430,Richard Davis,rickynguyen@example.net,001-804-296-5331x678,564
431,David Thompson,combspeggy@example.org,(977)216-5888,931
432,Veronica Sandoval,melanie10@example.net,+1-343-581-2175x0634,920
433,Cynthia Chapman,qsmith@example.net,001-926-556-0940x263,1331
434,Jasmine Patton,uwest@example.com,8287963573,1440
435,Edwin Campbell,mullinswilliam@example.org,001-966-217-0623x499,872
436,Ronald Hernandez III,thompsonmargaret@example.com,961.572.1894,1473
437,Courtney Lucas,williamseric@example.org,456.368.5186,185
438,Scott Allen,greenekatherine@example.com,001-583-243-9563x09712,821
439,Mrs. Tanya Green,parkerjuan@example.org,001-752-623-5019,259
440,Ryan Jones,christy76@example.net,001-827-836-1775x328,704
441,Jessica Smith,bbaird@example.com,958.479.1701x2399,1176
442,Paul Young,bryantlarry@example.com,765-785-9841x363,586
443,Lawrence Sanchez,danielsjames@example.com,(782)541-6491,613
444,James Henson,kennethbooker@example.com,391-423-7308,1239
445,Stephanie Turner,kandrade@example.com,998.718.7619x2753,553
446,Julie Stone,ericadavis@example.com,(342)946-2622x91868,520
447,Kimberly Scott,jon45@example.com,356.468.3587,427
448,Robert Mcdonald,barnettmatthew@example.org,001-653-293-4320x488,135
449,Jonathan Rios,parkerrichard@example.com,(556)294-3128x7211,83
450,Mary Solomon,hallmichael@example.net,327-815-9731,679
451,Rachel Osborne,vodom@example.net,+1-776-929-4392x929,940
452,Jeremy Beltran,robertfrey@example.com,(918)546-0148x3193,941
453,Jermaine Rhodes,ldixon@example.org,836.573.8726x078,774
454,Travis Bowman,rsingh@example.org,+1-859-364-1817x136,150
455,Brian Blankenship,colleen99@example.com,+1-760-706-2075,233
456,Patricia Smith,judywalker@example.org,923-794-5119,563
457,Robert Johnson,xshah@example.org,349-631-3452,1302
458,Jennifer Chen,cameronmullins@example.org,965-621-8080,11
459,Eric Parker,hallalexis@example.org,(323)386-8609x4130,1154
460,Dr. Victor Brown DDS,tuckerandrea@example.org,+1-525-814-4695x799,918
461,Samantha Johnson,justin01@example.net,8933533117,1005
462,Shannon Pruitt,aaron36@example.net,(480)808-1647x732,1202
463,Aaron Huynh,reedrobert@example.com,840.886.8003x0825,647
464,Dylan Fischer,wrightgregory@example.com,+1-626-585-2210,1232
465,Tiffany Wright,irwinamy@example.com,232-475-5416x9610,889
466,Howard Pierce,austin50@example.net,001-321-313-2861,1030
467,Amanda Rodriguez,christopher15@example.org,5609637905,148
468,Penny Cochran,tnguyen@example.com,897.872.2152,1259
469,Rachel Huerta,qandrews@example.com,001-878-707-0584,78
470,Donna Combs,bakeralyssa@example.net,+1-896-260-7561x9663,524
471,Keith Lozano,martinezjason@example.org,(282)812-4883x50736,1089
472,Lisa Archer,justin93@example.net,663.985.2997,482
473,Tara Kline,joshuasmith@example.net,7674246960,1065
474,Gregory Villanueva,rebecca10@example.com,585.515.3781,895
475,Stephanie Blake,anthonyblackburn@example.org,001-343-497-2843x5046,506
476,Edward Ferguson,teresa89@example.net,(334)847-3733,38
477,Brian Henderson,gilljodi@example.net,001-230-964-6082x359,107
478,Maria White,laura55@example.com,916-547-5218,776
479,Vanessa Gross,boydroger@example.org,404-241-2643,165
480,Charles Baird,donaldromero@example.org,530.220.9010x0324,889
481,Oscar Carter II,lindsey27@example.net,001-627-499-5680,1120
482,Michelle Burton,jillsimon@example.org,716.220.7832x066,333
483,Mark Griffin,christophergolden@example.com,(341)815-0375,880
484,Dana West,elijahbaker@example.com,+1-713-882-1064x7647,1085
485,Diana Flores,thomasjames@example.org,2503999964,1459
486,Timothy King,jessicaburke@example.net,(539)324-7932,698
487,Richard Peterson,sarah55@example.com,+1-242-517-7233,518
488,Tyler Kirk,benjamin12@example.net,9224747854,13
489,Matthew Ingram,andersonjanice@example.com,271.728.3522x57505,915
490,Michael Stone,julieortiz@example.net,866-801-8263,1466
491,Suzanne Wyatt,wvaldez@example.net,978.217.7841x35130,933
492,Billy Hamilton PhD,steven65@example.com,+1-820-249-9585x30301,429
493,Karen Nguyen,krose@example.org,001-656-744-8167x21659,718
494,Stephanie Johnson,jodi31@example.org,(305)579-8084x48330,1250
495,Robert Banks,rebeccahouston@example.net,869.446.0544,1048
496,Nicholas Marshall,rgibson@example.org,5002395581,327
497,Nicholas Davis,richardbarton@example.net,226-827-0794x66845,1455
498,Margaret Padilla,madison60@example.com,+1-718-312-0613,118
499,Roger Fowler DDS,ellenking@example.org,(934)548-6090,1101
500,Daniel Klein,jrich@example.org,665.837.9362x31449,980
501,Elizabeth Carpenter,xmaxwell@example.org,560-921-9303x3487,972
502,Christopher Guzman,kfoster@example.net,+1-802-852-4109x9255,690
503,Matthew Nichols,armstrongkyle@example.com,(935)359-5316x09800,1206
504,Joshua Wilson,curtislauren@example.net,575.237.8614x97510,343
505,Luis Nelson,velasquezshannon@example.net,(223)304-5874,1303
506,David Edwards,erikanelson@example.org,843-260-5637,802
507,Mary Edwards,wrighttimothy@example.org,427-565-2135x9944,771
508,Andrea Conley,lisa85@example.org,(798)787-0198x9830,30
509,Angela Steele,dhurst@example.com,626-741-8681x43884,846
510,Deborah Jones,sarakelly@example.com,6186952337,1174
511,Christopher Scott,dwade@example.net,+1-237-658-6379x28652,1234
512,Frances Duncan,aimeedaniel@example.org,+1-206-906-2105x8730,982
513,Mr. Douglas Tate,jwagner@example.net,555.823.6028,6
514,Todd Osborne,michael10@example.com,+1-547-989-3239x963,196
515,Ashley Arnold,christinamack@example.org,284.231.6019x661,709
516,Virginia Love,medinarichard@example.org,994-917-0639x7491,170
517,Carol Maxwell,alicia23@example.net,603.269.0157,623
518,Caroline Jones,anthonyhowe@example.org,(227)284-2696x3402,760
519,Jose Morgan,onealmegan@example.org,(281)993-4409,1390
520,Jennifer Martin,amy73@example.com,+1-746-519-0562x346,401
521,Tyler Sandoval,jlucas@example.org,651-293-1763,147
522,Jessica Jacobson,fpatton@example.com,961-330-4124x5242,122
523,Blake Roberts,tracymahoney@example.com,001-217-367-2876,903
524,James Holden,jerry36@example.net,672-289-2218,1221
525,Lori York,hyoung@example.com,001-473-646-4013x38475,62
526,Shannon Parsons,graceirwin@example.net,554-838-6596x0906,1050
527,Gary Duffy,qbrooks@example.com,259-201-0887,751
528,Timothy Vance,leenicholas@example.net,4029140849,651
529,Frank Foster,fjohnson@example.com,5774366301,1369
530,Sarah Ramos,susanstephenson@example.net,+1-447-212-0867x7307,1411
531,James Berry,morrisnicole@example.org,+1-257-588-6180x97198,1394
532,Tim Shelton,james86@example.net,667.992.8763,1098
533,William Moore,calhoundarlene@example.net,361.213.5955x746,1174
534,Scott Osborne,mary93@example.com,+1-437-382-1413x925,85
535,Marisa Sharp,timsampson@example.net,368.476.0619x08495,517
536,Sarah Mitchell,hornalexandra@example.com,(699)864-5996,1055
537,Carlos Clements,taylorsamuel@example.org,8747587512,1495
538,Samuel Williams,turnercharles@example.net,+1-839-968-6227,978
539,Stacy Black,mariemiller@example.org,784.727.9285,1368
540,Michelle Moore,tmartinez@example.org,+1-665-731-5347x560,85
541,Alec Stevenson,johnthomas@example.org,(390)534-2895,434
542,Robert Jimenez,william64@example.net,(304)405-2950x91396,1442
543,Christopher Navarro,scott50@example.net,+1-582-390-2564,457
544,Jesse Torres,jessica46@example.com,001-855-317-4038x23304,1256
545,Sarah Nunez DDS,ruth96@example.net,+1-906-940-1600x416,1087
546,Edward Romero,xkidd@example.net,+1-771-646-1383x4502,704
547,David Vincent,ssullivan@example.com,350.792.3160,849
548,Cynthia Hobbs,luismaxwell@example.com,664-911-5857x0389,1154
549,Angel Thornton,tiffany94@example.net,(344)431-5166,1324
550,Eric Blackburn,jenkinsdavid@example.net,400-899-7451x8590,37
551,Nathan White,urose@example.com,4082371445,1157
552,Mr. Franklin Mitchell,garciahannah@example.com,(855)503-6198x217,568
553,Jonathan Robertson,richardrogers@example.com,575-485-7480,1206
554,Carl Boyd,pachecokenneth@example.org,864.596.4646x98798,1213
555,Andrew Roman,harmonashley@example.org,(713)892-0328x9575,828
556,Jacob Hale,matthewgarcia@example.org,(519)835-3742x78727,289
557,Rhonda Powell,lauriewoods@example.org,5898285038,369
558,Karen Thompson,alexis31@example.com,+1-491-664-3493,482
559,Alexis Clark,amanda15@example.org,442-576-7894,2
560,Mark Villegas,hartryan@example.net,401.358.9452,882
561,Sherry Richardson,walteraustin@example.com,+1-539-367-1897x2037,969
562,Christine Pena,jonesandrea@example.com,001-973-812-2816x841,64
563,Patrick Dawson,donald47@example.org,221.250.5345x4508,186
564,Kristy Rodriguez,deborahphillips@example.org,+1-468-347-4490,912
565,Luis Gilbert,brownshelly@example.org,265-665-8167x048,711
566,Marilyn Freeman,chloeperez@example.org,(731)420-2702,963
567,Julia Gomez,chiggins@example.com,583-983-8417x0394,346
568,Richard Marsh,matthew61@example.com,(401)571-2444x847,530
569,Darren Wright,dpatrick@example.com,(893)260-8390,300
570,James Jackson,jennifer05@example.net,(408)335-9882,1246
571,Wyatt Martin,tinalarson@example.org,725.558.2690x048,301
572,Amy Matthews,mackenzie14@example.net,368.722.0861,269
573,Allen Brooks,peterwatson@example.net,7322013745,1154
574,Levi Williams,lisapearson@example.org,758.688.5443x5384,615
575,Eric Lowery,nicholassmith@example.org,412.434.7368x43780,1206
576,Dr. Thomas Harris,ywang@example.org,(589)972-8745x454,229
577,Patricia Kelly,nolanbrett@example.net,001-952-243-3437x859,1125
578,Joseph Johnson,lopezcarla@example.net,707.691.0032x113,490
579,Sarah Martinez,cgentry@example.org,359.895.2093,415
580,Leslie Holder,leslie58@example.com,+1-487-664-6900x0420,875
581,Ronald Adams,awebster@example.net,675.356.5523x2419,747
582,Shannon Mercer,emilynelson@example.net,832.587.0024,787
583,Kenneth Reynolds,howardsusan@example.org,246-921-4042x467,27
584,Jon Becker,susancarr@example.net,901-527-2764,730
585,Caleb Sanders,xgentry@example.org,001-938-552-6140x3421,396
586,Sarah Green,pfrancis@example.org,432-634-1709,283
587,Kyle Clark,william14@example.net,(763)774-8372x959,1001
588,Christopher Houston,ianschneider@example.com,367-895-5891x568,266
589,David Hart,nhicks@example.net,001-479-963-6345x6522,1462
590,Jason Huerta,ihernandez@example.org,(975)775-1699x526,339
591,Tammy Ruiz,jacksoncheryl@example.com,630.863.1317x290,1154
592,Candace Davis,kduran@example.com,+1-558-464-6849x301,235
593,Danielle Wilson,tkline@example.net,001-739-931-9307,1368
594,Brittany Castro,jenna68@example.com,587-748-6299,545
595,Frederick Mcgrath,jennifer08@example.com,001-635-547-2473x8611,621
596,Susan Jones,nicole05@example.net,518-306-1904,322
597,Christina Miller,amy62@example.org,983.353.4206,1450
598,David Griffith,levinelori@example.com,8066701003,1370
599,Carl Farley,janderson@example.org,001-655-663-2906x84148,316
600,Wanda Andrews,john14@example.com,613.784.6685x082,1078
601,Paul Gregory,bmurray@example.org,979.638.8828x80630,489
602,Brandon Farley,burgessrandy@example.com,001-302-360-6694x9470,725
603,William Meyer,curtis44@example.net,001-563-764-1811x757,55
604,Benjamin Huang,scottabigail@example.com,774.345.5685,258
605,Christina Adams,jonathansmith@example.com,505-668-7039x97603,1001
606,Jacob Holland,jennifer84@example.org,(877)228-2670x47701,259
607,Robert Wilson,nnolan@example.com,434.643.8501x35268,565
608,Crystal Williams,brianmorales@example.net,001-286-219-1950x600,1404
609,Oscar Love,nicolegarrett@example.org,693.425.6097x9284,2
610,Amber Chase,deannaknight@example.com,657.263.0340x617,356
611,Courtney Cook,matthewjackson@example.com,+1-828-349-9809,836
612,James Heath,johnsonjessica@example.org,4833028223,1214
613,Tiffany Walter,hmonroe@example.org,7317582196,839
614,Sean Tran,lgarcia@example.com,001-896-573-0630,158
615,Trevor Richardson,cassandra92@example.net,(422)483-9191,1106
616,Abigail King,ewallace@example.com,733-763-8941x14059,519
617,William Allen,meganhall@example.com,(921)784-8537,299
618,Cynthia Durham,wfoster@example.com,001-901-710-0650,60
619,Karen Schneider DVM,pgonzalez@example.com,670.349.9088x12704,828
620,Jacob Barnett,gmcdonald@example.com,+1-876-367-1513x827,72
621,Andrew Fox,andrea40@example.com,361-956-2068x11085,410
622,Sandra Stevenson,blackwelltheresa@example.org,912-681-1966x5661,29
623,Brenda Smith,mcdonaldcarol@example.org,674.937.2198x543,1029
624,Kimberly Smith,hhughes@example.net,965.298.9824,954
625,Melissa Murphy,gpace@example.net,992-534-9225x922,392
626,Christine Martin,vargastoni@example.org,001-516-619-1220,862
627,Kevin Smith,lisarobertson@example.net,(313)480-7525x53919,802
628,James Griffith,sloanmatthew@example.com,749.286.1695x88826,1142
629,Cindy Christensen,derekherrera@example.org,264.451.7117x2658,17
630,Victoria Ramirez,evansstacie@example.org,+1-451-687-3348x4018,552
631,Michael Harrell,crawfordjohn@example.com,(343)223-5324,1490
632,Sonya Thomas,anthonywilliams@example.org,922.831.7515x1174,592
633,Timothy Patterson,christian11@example.net,257-963-0793,235
634,Kristi Ritter,mary24@example.org,612-500-1988,1153
635,Chelsea Long,xschmidt@example.org,+1-485-200-6619,486
636,Jerome Hartman,hberry@example.org,+1-272-891-5881x6798,173
637,Mr. Keith Williamson Jr.,kknight@example.net,(715)594-6802,1009
638,Rachel Rodriguez,millergregory@example.org,(733)808-0413x1218,1322
639,Susan Mccormick,judytorres@example.com,+1-615-250-9207,1438
640,Karen White,melissa89@example.org,(897)830-8896,834
641,Brenda King,sjoyce@example.com,+1-511-626-1560x6954,347
642,Dr. Michael White MD,william47@example.org,287-383-6990,847
643,Matthew Key,crystal15@example.com,001-624-956-1672x8633,448
644,Matthew Simmons,kevin73@example.net,6657640960,352
645,Marie Fischer,jacobsjulia@example.net,795.222.7401x535,98
646,Michelle Moore,halleddie@example.net,731-678-1300,1185
647,Emma Perkins,sheila16@example.net,348-259-6642x668,1390
648,Leah Bell,moralessara@example.org,001-501-379-0340x61065,780
649,Kristine White,abell@example.net,487-255-1206x521,323
650,Barbara Case,christopher82@example.net,229.759.9653x42233,620
651,Peter Allison,lisajohnson@example.org,844-301-1010,372
652,Julie Huerta,robert71@example.org,8989969678,1005
653,Brendan Flores,xkemp@example.com,884-993-7545,1003
654,Melinda Morgan,parksjoseph@example.com,(923)265-9683,132
655,Darryl Murphy,ostanley@example.org,790.576.2495,1329
656,Rita Matthews,dariusvargas@example.com,+1-564-918-0464,3
657,Sarah Warren,billy95@example.org,530.530.4959,671
658,Erica Taylor,stevensmiranda@example.com,+1-301-935-6225x9062,1440
659,Kristen Rodriguez,terrykelley@example.com,901-323-4084,974
660,Stephen Black,joycejones@example.net,+1-367-773-1978,1409
661,Lisa Dennis,matthewmejia@example.net,001-544-714-9275x88124,913
662,Brian Lewis,paul35@example.net,(245)966-4330x2975,633
663,Christina Dunlap,maria83@example.net,814-701-3223,504
664,Lisa Greer,christophersanchez@example.com,531.458.9497,99
665,Joshua Casey,gregorywhite@example.org,527-408-2530,165
666,Robert Newman,angela67@example.org,647.296.1901x9896,102
667,Deborah Reed,barrettmegan@example.net,+1-603-477-3913x6308,670
668,David Gordon,brandtheather@example.net,001-520-331-1363x7448,1113
669,Howard Patterson,operez@example.net,5404191373,384
670,Lauren Cooley,lunajoshua@example.org,690-349-9376x867,1007
671,Alyssa Downs,brownallen@example.net,708-556-0821x013,385
672,Sean Cummings,andreabennett@example.com,(867)995-2414,1020
673,Joseph Harris,kellygaines@example.org,001-685-765-3811,23
674,Teresa White,eturner@example.org,(213)355-0921,619
675,Daniel Hickman,scottandrea@example.net,(514)840-8276x163,489
676,Lisa Anderson,zrichards@example.com,+1-339-433-0633x7765,346
677,Linda Coleman,sydneymeyers@example.org,+1-754-335-6857x29981,1472
678,Megan Wu,ngray@example.com,001-650-583-5882x478,675
679,Mark Hood,gerald62@example.net,313-757-1228x1249,1354
680,Joanna Ward,erica65@example.org,639-270-8760x0980,687
681,Clayton Vaughn,hroy@example.net,319.542.8420,409
682,Andrew Davis,tara07@example.net,803.890.6473x26681,1056
683,Thomas Castro,bethbradford@example.org,+1-485-437-1342x216,662
684,Phillip Medina,emckay@example.com,(601)297-9340x19302,465
685,Karen Ward,chancorey@example.org,871-314-8137x3134,1468
686,Javier Whitney,christina20@example.net,001-432-858-3152x0861,553
687,Angela Jackson,alexisgreen@example.com,(895)205-1863x08258,243
688,Jacob Montgomery,amandaschroeder@example.net,231.469.7790x769,339
689,Richard Hunt,lnelson@example.net,767-591-2548x1853,903
690,Tina Fisher,ronaldlewis@example.org,001-928-501-8574x9320,339
691,Lisa Adams,nwilson@example.com,338-263-5029,876
692,Patrick Ellison,hhenderson@example.net,953-481-0675x36045,1323
693,David Hall,huynhkelly@example.com,709.797.1555,22
694,Jeanette Lewis,kenneth57@example.net,443-397-6204,796
695,Angela Chandler,williamscaitlin@example.net,(400)690-8320x93904,325
696,Daniel Allen,jrogers@example.com,+1-344-481-9749,452
697,William Padilla,gwebb@example.net,(783)598-5388x405,1378
698,Angela Peterson,dnelson@example.com,+1-564-800-1397x5403,1405
699,Julia Mcintyre,enolan@example.com,344-863-4299,1395
700,Danielle Johnson,iwilliams@example.org,5748895313,519
701,Jane Stevenson,patricktaylor@example.net,+1-226-772-3334x935,1167
702,Danny Adams,kristinvaldez@example.org,394-465-8605x9635,713
703,Rachel Gomez,henrysmith@example.net,4165197550,757
704,Kerry Cooper,haroldlong@example.org,+1-618-390-0753x659,330
705,Robert Brooks,katherine56@example.com,432.653.1778x518,85
706,Anthony Mueller,lgray@example.com,246.912.5809,742
707,Laura Saunders,vharris@example.com,+1-385-709-4931x644,620
708,Christopher Yang,olivia04@example.com,679-583-0026,1132
709,Sara Martin,nlloyd@example.com,489-511-1963x2814,344
710,Jerry Brown,samanthasanchez@example.com,(390)652-7606x10191,608
711,Stacey Holmes,sharon72@example.com,(881)298-8001x767,519
712,Peggy Farmer,merrittrandy@example.net,(213)667-6316,1218
713,Leslie Clark DDS,bsutton@example.net,+1-375-598-8189,1422
714,Deborah Foster,martinanna@example.com,756-664-5685,1
715,Jeremy Brown,jacqueline02@example.org,500-621-4176x68450,572
716,Leslie Rivera,jessicashelton@example.com,356-319-7501x54923,717
717,Julie Stanley,zachary69@example.org,388-763-3052,1182
718,Monica Jones,stonewayne@example.org,+1-282-656-1010,528
719,Cheryl Walker DDS,lisawarner@example.org,(928)744-2121,278
720,Albert Chan,phillipcontreras@example.org,001-848-204-5674x86306,1150
721,Angela Weber,mpierce@example.org,283-983-1478x074,1337
722,Andrea Jackson,iluna@example.net,2429683086,1326
723,Bryan Taylor,michaelgriffin@example.net,(533)542-1909x06064,1442
724,Catherine Fischer,bpatel@example.org,001-458-593-3352,396
725,Russell Thornton,stephenfischer@example.net,(588)262-3729x96163,775
726,Sheila Rodriguez,sabrina74@example.org,001-531-777-9932x22752,1206
727,Joel Murray,cschaefer@example.com,+1-658-754-3734x03362,976
728,Christina Evans,kevinthomas@example.net,(846)358-7221x930,654
729,Kimberly Horton,zgarcia@example.com,+1-471-444-8407x3305,912
730,Kristin Harrington,taylor63@example.com,001-842-835-1491x885,1220
731,Steve Reynolds,zachary24@example.net,581.616.8892x0459,1127
732,Sarah Strickland,moralesbrandi@example.com,(621)706-3024,1262
733,Jennifer Mccoy,chavezkelly@example.com,318.930.4992x817,357
734,Steven Collins DDS,fergusonjasmine@example.org,(507)871-8046x56589,335
735,Jade Williams,dustin10@example.net,(460)479-8762,197
736,Joshua King,kirstenwalton@example.com,001-683-701-4379,743
737,Dr. Amanda Mitchell,sarahmathis@example.org,468-509-3759x519,805
738,Katherine Berg,fallen@example.net,+1-338-814-8962x20224,819
739,Jeremy Barron,karibrown@example.com,001-546-369-4901x955,1304
740,Eric Adkins,catherine93@example.org,544-514-3409x545,1241
741,Heather Graham,sergiojones@example.org,+1-696-519-2043,1043
742,Keith West,sarah28@example.com,(611)715-0061x56551,505
743,Connor Friedman,hmoore@example.org,686.913.2481x6885,1238
744,Wendy Wood,barbara36@example.net,+1-821-427-7942x73702,404
745,Trevor Murphy,zsweeney@example.net,(249)420-8843x2173,250
746,Jessica Black,david86@example.com,001-846-285-1898x8371,330
747,Stacey Logan,jamesbrooks@example.com,4373861278,885
748,Paige Novak MD,nicolewaters@example.net,(870)284-3701x72603,1313
749,Glenn Mcdaniel,meganstewart@example.org,(221)311-7529,1154
750,Eric Jones,sevans@example.net,517.919.9012x7389,1371
751,Robert Brooks,baileyvictoria@example.net,206.680.5586,854
752,Madeline Bailey,fspencer@example.net,6618290161,123
753,Penny Bryant,melissa57@example.com,(639)711-3190,529
754,Hannah Henry,tjones@example.net,(453)839-0819,777
755,Bob Mathews,grogers@example.net,+1-249-732-3437x915,739
756,Annette Higgins,nking@example.com,557-264-4353x1207,137
757,Samantha Anderson,nortonkeith@example.com,761-575-1117x8169,1278
758,Angela Williamson,traceygeorge@example.org,8337870957,1406
759,Blake Hall,beckrandall@example.net,353-797-1675,675
760,Elizabeth Williams,tiffanywright@example.net,(322)640-2452x928,407
761,Patrick Caldwell Jr.,ble@example.net,984-213-8876x52479,213
762,Debbie Wallace,michaela09@example.org,267-834-9512,437
763,Frances Jones,timothymoore@example.net,360.694.3970x120,1069
764,Douglas Dixon,ochandler@example.net,(331)475-1167,669
765,Peter Hill,jacksonrobert@example.org,+1-795-240-7867x4321,1057
766,Jacqueline Trevino MD,audrey52@example.com,5672392671,1461
767,Hannah Francis,millerjennifer@example.org,454-454-4748x0663,950
768,John Johnson,fsnyder@example.net,8446879067,319
769,Kayla Higgins,virginianeal@example.org,635.762.0398x84192,545
770,Shannon Escobar,wileypatrick@example.org,(284)425-6277,1257
771,Rachel Walker,garciavictoria@example.net,838.551.0138x795,904
772,Kathleen Guerrero,phillipssteven@example.com,783-676-3766x797,947
773,Jenna Lewis,wayneramirez@example.net,+1-330-463-5776x009,599
774,Krista Stephenson,meyerkristen@example.com,(568)860-2660,724
775,Laura Cole,henryrichard@example.net,311.211.1792,971
776,Brian Thompson,wheelerchristopher@example.net,001-506-880-9318,1161
777,Marcus Lopez,khoward@example.org,(990)266-6546,634
778,Christopher Lee,keith53@example.net,402.318.1810x14258,792
779,Christina Mendoza,maddenkathryn@example.net,(375)274-1883x67303,823
780,Linda Fitzpatrick,kmoody@example.com,(616)210-2660,371
781,Christopher Graves,michael96@example.com,396.594.1568x67713,711
782,Justin Sherman,vgregory@example.org,288.461.8611,1298
783,Jason Jones,fdickson@example.net,956-957-6524x35669,1133
784,Michael Carter,youngjamie@example.net,001-659-608-3377x803,1093
785,James Rose,anthonytorres@example.net,+1-303-730-8074x4948,1298
786,Stephen Reyes,duanewoods@example.com,+1-907-932-4928x9176,1472
787,Paul Hughes,weaverbenjamin@example.org,210-889-5091x050,207
788,Elizabeth Chang,devinwilliams@example.net,510-317-7203,802
789,Zachary Bailey,hromero@example.org,001-805-863-1144,487
790,Courtney Kerr,bensonsarah@example.org,2747991654,794
791,Joshua Robinson MD,gina37@example.com,590.415.6996,572
792,David Green,diana94@example.net,+1-512-620-6221x0905,500
793,Shelby Higgins,teresa00@example.net,+1-453-580-0737,281
794,Anthony Reyes,alyssa13@example.com,+1-302-344-9574x07265,418
795,Rachel May,yscott@example.org,940.433.7534x98121,364
796,Brittany Collier,pphillips@example.org,001-568-684-4614,490
797,John Turner,christopheracosta@example.org,001-920-707-2149x48338,984
798,John Scott DDS,brendahodges@example.com,+1-981-606-7085,1462
799,Jeffrey Middleton,rchavez@example.com,2175864796,814
800,Juan Molina,wanda89@example.net,(914)228-3569x7389,1367
801,Austin Green,danny30@example.org,724.867.7403,155
802,Mark Price,lewiselizabeth@example.org,246.351.7552x68662,337
803,Robert White,lspencer@example.net,001-684-793-8277x503,772
804,Jessica Pratt,qmartinez@example.net,+1-316-280-7163x0473,792
805,Jacqueline Snyder,kellywalker@example.org,+1-882-414-4557,144
806,William Martinez,rhondareyes@example.com,(310)874-2609x5091,1380
807,James Krueger,howedanielle@example.org,(495)736-8899x0148,599
808,Tyler Jackson,jenniferdorsey@example.com,413.370.5510x68514,1021
809,Sherry Bennett,conleywendy@example.org,554-464-8020x9267,186
810,Ronald Reed,vjohnson@example.org,904-848-0437x84390,1330
811,Tyler Miller,xmoore@example.org,001-641-519-7750x5716,155
812,Amber Perez,williamsmith@example.net,592.725.8283,744
813,Sara Medina,wjones@example.com,649.941.0722,95
814,Eric Watson,michaelhurst@example.com,(883)684-0338x325,1343
815,Rebecca Mccarthy,ronaldberry@example.org,506-257-3635,1289
816,Miss Pamela Oneill,markmartinez@example.com,519.650.4471,903
817,Denise Hays,jonathanmiller@example.com,248-277-0599x7143,1420
818,Kevin Lopez,margaret95@example.org,001-842-737-8027x0232,1472
819,Richard Young,kevincampos@example.org,236-754-5877,549
820,Jeremy Thompson,inorton@example.org,001-990-722-2354x20051,943
821,Justin Lyons,vramirez@example.com,+1-480-484-1780x57654,205
822,Hailey Watson,patricia86@example.com,281.939.6026,782
823,Sharon Townsend,zachary74@example.net,(229)835-6096,118
824,Cody Nolan,victoria02@example.net,5449403308,763
825,Teresa Clark,brianpalmer@example.com,838-459-4236,130
826,Angela Garner,natalie98@example.com,522-375-1080x278,1016
827,Allison Martinez,ygray@example.net,(874)203-6396,984
828,Christopher Johnson,chapmantammy@example.com,458-742-4971,1043
829,William Jones,sharon38@example.net,813-635-8760,40
830,Andrew Whitney,prichardson@example.net,001-387-872-6817,855
831,Michael Garcia,sandramcgee@example.com,(249)202-6142x12114,225
832,Megan Shepherd,ssharp@example.org,4276134636,206
833,William Brown,martinezsteven@example.net,396-691-2069,277
834,Michael Jackson,tasha36@example.org,909-602-5188x48431,1137
835,Jeffrey Bond,reyeskatherine@example.net,(314)904-5258x504,152
836,Whitney Compton,grimesashley@example.com,711-664-8414x88029,724
837,Rebekah Wilson,iruiz@example.com,665.304.0161x6402,685
838,Tracy Cox,lwright@example.com,001-736-465-1212x56139,87
839,Charles Reynolds,haroldkelly@example.com,785-956-2495x8152,1014
840,Cole Green,suzannebeck@example.org,967.844.7799x95320,1270
841,Pamela Reese,joseph79@example.com,406.796.4272,323
842,Megan Holland,ohuang@example.com,202-973-1431x735,579
843,Kevin Coleman,franklinkevin@example.org,(793)291-0970x715,234
844,Terry Gibson,pennywerner@example.com,001-571-396-8035,900
845,Brian Smith,uzamora@example.com,676.758.0603x5606,60
846,Erin Johnson,taylorkristopher@example.org,9872791508,169
847,Tyler Hill,andradeheidi@example.net,298.459.6010,608
848,Tammy Smith,barrymoss@example.org,+1-295-745-4800x74184,1203
849,John Hicks,mhouston@example.net,377.585.1391,613
850,Michelle Weaver,sylviacontreras@example.com,5416776947,920
851,Nicholas Huff,ukemp@example.com,513.473.7807x18714,440
852,Carolyn Martinez,torreskimberly@example.org,(861)568-9383x689,1223
853,Brian Swanson,dblack@example.com,221-656-1620x1485,775
854,Christopher Santana,markanderson@example.org,(724)894-3860,1209
855,Kimberly Michael,crystal86@example.com,734.292.2125x197,1299
856,Scott Graham,johnsonmark@example.com,+1-854-286-9161x03440,1069
857,Jesse Cannon,daleparker@example.org,838-682-9003x2393,1088
858,Michael Good,ronaldpayne@example.org,(640)244-5386x88224,784
859,Jacob Flowers,karen49@example.com,3258959100,826
860,Vanessa Murphy,lisa35@example.com,001-835-567-1523x424,1450
861,Joshua Allen,vrivers@example.net,(355)725-7474x21561,898
862,Linda Hall,wgardner@example.org,+1-303-577-1664,559
863,Noah Hughes,robersonamber@example.net,910.678.5401x617,242
864,Andrew Phillips,josephhogan@example.net,9175230408,796
865,Paul Davis,brooke09@example.net,(554)430-6632,1272
866,Kendra Coleman,cohenashley@example.org,+1-324-657-6647x4890,448
867,George Brown,michelle33@example.org,812-974-0372x2208,1405
868,Mary Wheeler,elopez@example.com,(870)842-1962x8790,1076
869,Holly Harris,eanderson@example.net,(460)810-4645,255
870,Mark Terry,katherine21@example.net,001-347-698-9366,676
871,Mark Bishop,donnahamilton@example.com,+1-820-977-4036,1040
872,Frank Bowman,tcoleman@example.com,3426102417,1499
873,Jennifer White,lwalker@example.org,+1-386-739-9765x08393,195
874,Lisa Bradshaw,archerjessica@example.com,6083856599,920
875,Julie Garner,michaelmaddox@example.net,574.725.7404,214
876,Maurice Lawson,rrivera@example.org,(254)402-6832,1035
877,Heather Ferguson,wscott@example.net,985-294-1690,1215
878,Anthony Hunter,laneheather@example.com,468.311.0665x200,585
879,Colleen Salazar,ballen@example.org,(523)944-8790,1081
880,Brenda Barnett,rbutler@example.org,(925)663-9940,148
881,Alexander Hayes,qrose@example.org,536-791-3085,602
882,Michael Johnson,cmiranda@example.org,9812098049,1334
883,Mary Higgins,aschultz@example.net,(697)987-3780x351,1303
884,Wanda Sanchez,marc81@example.com,2734270018,243
885,Bruce Vasquez,tammycastro@example.org,444.265.4633x28930,1141
886,Raven Barton,navarromichelle@example.org,(940)763-8789,1189
887,Rachael Mcdonald,janetwilliamson@example.com,279-986-5899x27338,582
888,Joseph King,pberry@example.org,+1-338-224-2992x399,615
889,Virginia Hood,ray62@example.com,589-940-8424,942
890,Jeffrey Cook,xstanton@example.org,+1-804-585-9048x617,1300
891,Jessica Gilmore,solomonerik@example.org,+1-971-275-3973,906
892,Brian Osborn,xsimpson@example.org,708-383-6520x1998,460
893,Richard Delacruz,veronicali@example.com,875-803-8181,437
894,Richard Spencer,williamsperry@example.com,(623)501-1191x243,107
895,Gabriel Patterson,ihunter@example.com,688-282-5699x2125,81
896,Travis Thomas,yvonne43@example.net,(331)450-3434,265
897,Connie Gillespie,cclark@example.net,779-792-1396x57850,50
898,Dr. Brittany Dickerson,usullivan@example.net,+1-821-987-6720x88917,214
899,Marisa White,oeverett@example.net,(500)266-4044,180
900,Bryce Ward,gwallace@example.com,896.874.8684,124
901,Samuel Lynn,hernandezadam@example.com,(305)729-9605,509
902,Cheryl Arnold,coreyhuynh@example.org,840.350.9950x9311,1411
903,Christopher Martinez,jimenezfrancis@example.org,462.715.5834x32456,478
904,David Garcia,eric65@example.com,(720)507-5449x4971,742
905,Joan Rodriguez,jessica99@example.net,320-277-9660,1483
906,Christine Logan,gburke@example.com,+1-531-263-3237x711,1223
907,Bryan Black,ibennett@example.net,(705)629-1026x2359,526
908,Christopher Hawkins,millerdamon@example.org,(881)992-9398x7857,449
909,Jennifer Mccall,uclark@example.com,001-621-845-5457x21060,790
910,Amy Porter,nicole06@example.com,001-212-225-6405,425
911,Jennifer Cook,ntaylor@example.net,+1-980-702-7789,1416
912,Joe Mercado,ylowe@example.com,7546681526,1088
913,Randy Reed,trevorharris@example.org,221-612-2851x14129,1431
914,Cathy Walls,barbarasuarez@example.net,323-715-5993x2680,245
915,Karen Robinson,jeffrey35@example.org,(348)451-3225x831,1441
916,Jeremy Jimenez,newmanjeanette@example.net,432-995-0822x564,1398
917,Jacob Rojas,riverajohn@example.com,(243)225-0020x467,1450
918,Joshua Howe,chelseadennis@example.org,704.874.0279x09961,1080
919,Stacie Sullivan,jasonwilliams@example.net,+1-340-634-8195x800,463
920,Christopher Molina,mendozawilliam@example.net,+1-300-983-6657,935
921,Dennis Cummings,douglascunningham@example.net,8285252530,119
922,Laurie Owen,davidsonamanda@example.net,(526)259-6547,1257
923,Bradley Black,troy51@example.org,(510)822-8688x2574,968
924,Patricia Shannon,jasonmathis@example.com,675-460-6701x450,574
925,Elizabeth Chavez,vanessascott@example.com,558.527.3257x65818,1029
926,Charles Durham,karen43@example.net,5135423986,294
927,Jonathan Blankenship,lisacain@example.net,839-815-3049x7437,1304
928,Heather Browning,fredponce@example.net,907.967.6819x2512,1138
929,Karen Welch,jennifer48@example.net,+1-745-713-2877x810,1359
930,Christine Bryan,ericagregory@example.com,001-901-421-0760x334,915
931,Christopher Proctor,adamspamela@example.com,(452)806-1066x3448,1356
932,Christopher Gordon,gallagheranna@example.com,694.264.2479,44
933,Kristin Cooper,mhunter@example.net,(228)266-1885,324
934,Jeffrey Coleman,brettibarra@example.com,(204)683-3969x572,1481
935,Jill Jordan,wrightrobert@example.org,(582)631-5580,406
936,Travis Walker,ronnie14@example.com,+1-777-698-0278,604
937,Lisa Travis,alejandrarivera@example.org,227.644.6901x89029,96
938,William Clayton,patricia95@example.org,343.226.7431x08469,231
939,Dr. Brandon Acevedo,zblake@example.com,531-756-8792,953
940,Kaylee Drake,hsmith@example.net,627-719-8112x88304,544
941,Larry Mendoza,ijohnson@example.org,652-908-2636,1412
942,Sean Harding,bergercody@example.net,8355491211,615
943,Ethan Wood,nicholas52@example.net,(314)702-4950,778
944,Joseph Moore,amyburns@example.net,743.711.6429x749,348
945,Linda Cruz,okent@example.net,678.751.5827,750
946,Cynthia Torres,smontgomery@example.net,959.217.2613x3010,206
947,Janice Parker,katrina85@example.net,3187111164,66
948,Victoria Roberts,thomasdonald@example.org,817.895.3443x0064,365
949,Dawn Stephenson,nicole38@example.com,(214)652-4766,822
950,Brian Santos,rachelthompson@example.net,696-450-3425x8816,41
951,Carla Smith,bartlettsean@example.org,741-378-9798x067,786
952,Brenda Becker,fbanks@example.org,569-296-1277,40
953,Michael Pierce,phamilton@example.com,(530)812-0437,711
954,Michael Ryan,qjohnson@example.com,9853164826,783
955,Travis Vasquez,zgutierrez@example.com,433-303-9917x46407,271
956,Adam Luna,mooreashley@example.net,454.375.2697x5642,878
957,Brittney Roberts,jack03@example.net,954.898.2661x071,736
958,Jennifer Lee,kramersharon@example.net,+1-223-245-9886x644,1190
959,Angela Lee,bprice@example.net,687.876.9656,996
960,Jennifer Chung,jenniferboyle@example.net,001-798-512-4436,728
961,Andrew Hunt,thomas44@example.com,9283200557,18
962,Melvin Rowe Jr.,gomezjames@example.org,9173489399,930
963,Stephen Lee,meyersteven@example.com,(344)916-7578x156,1465
964,April Hudson,kyle58@example.org,(588)907-0265x33917,403
965,Julie Mullen,revans@example.org,(513)969-4276,483
966,Anna Jordan DDS,rclark@example.com,224-701-0782,112
967,Michael Singh,heidi22@example.com,515.488.4521x59650,975
968,Rachel Moody,jillbell@example.com,729.953.3415x6854,650
969,Diamond Whitaker,figueroabrian@example.org,001-418-691-8815x14975,1316
970,Tiffany Perry MD,andrewrobinson@example.com,588-259-0715x311,594
971,Richard Stephens,barbaralambert@example.org,864-571-4832x07418,671
972,Beth Gonzalez,eric63@example.org,8585764768,942
973,Mary Walker,ifigueroa@example.org,(397)378-6169,705
974,Todd Peters,pearsonmary@example.net,681.998.8067x265,659
975,David Fisher,rosariojames@example.net,525.623.4584x144,889
976,David Arnold,nbuckley@example.com,497-330-4543x0333,1203
977,Stacy Dominguez,zcoleman@example.net,(304)660-4527x31226,1493
978,Rhonda Rivera,susankrause@example.com,001-497-231-7855x792,1294
979,Sandra Atkins,michaelstephenson@example.net,6103961734,702
980,Lisa Brown,tuckerjulie@example.net,+1-444-228-2434,1032
981,Gabriel Holland,williamsterri@example.org,(666)965-1112,1017
982,Chad Walsh,roberthardy@example.org,(574)593-9576x40706,475
983,Katie Buchanan,justin03@example.net,424-323-0735,374
984,Carl Moore,zgallegos@example.net,3385336028,245
985,William King,daniel64@example.net,(228)890-3038x749,979
986,Cody Kelley,kathleen11@example.net,711-862-2919,956
987,Scott Woods,gsalinas@example.org,512-205-5624,653
988,Katie Thomas,dustindelgado@example.net,779-960-3482,600
989,Randall Peters,rmiles@example.com,(560)546-9900,1151
990,Christopher James,amy06@example.net,+1-673-731-8550,1301
991,Jessica Rivera,davidflores@example.com,(704)840-2480,1346
992,David Foster,fostermichelle@example.com,3934235458,434
993,Lindsey Perkins,pricejohn@example.org,001-545-959-9760x143,826
994,Robin Mendoza,wwalker@example.net,9364665262,271
995,Stacy Cabrera,ronaldlopez@example.org,001-668-969-9898x33491,361
996,Theodore Zuniga,alexanderstephanie@example.org,709.910.7475x33880,1440
997,Chelsea Mason,pturner@example.net,831-758-1163x32131,138
998,Traci Gutierrez,ypowell@example.org,001-697-753-6512x5564,612
999,John Johnson,daniellegreen@example.org,867.283.0486x36876,95
1000,Albert Flynn,smccarthy@example.org,686-502-6989x98660,1235
1001,Andrea Martinez,ggentry@example.org,459-260-5632x959,804
1002,Ashlee Walker,beth17@example.com,001-797-366-5167x453,32
1003,Robert Smith,james57@example.org,001-877-599-6408,1127
1004,Emily Cohen,joshuazimmerman@example.org,001-840-203-4106x8366,611
1005,Ian Mcgee,juan73@example.com,+1-322-306-7642x55240,1484
1006,Christopher Thompson,davidmedina@example.net,943.942.1171x8166,130
1007,Jesse Roberson,michael40@example.com,730-794-3758x1413,719
1008,Johnny Ellison,john42@example.org,001-513-563-4201x43895,990
1009,Deborah Williams,stephen55@example.org,(300)436-5360x520,851
1010,Tonya Zhang,jeremy80@example.net,5919928089,745
1011,Tyler Morse,gregorywatson@example.com,392.372.2611,771
1012,Heather Newman MD,russellmichael@example.com,(409)929-2306x820,809
1013,Ana Roberts,xjackson@example.org,+1-571-372-7226,82
1014,Stephanie Murphy,wlloyd@example.com,684-348-6216x06731,521
1015,Janice Perez,turnerrichard@example.net,+1-564-340-1718x044,1363
1016,Brenda Brown,elizabethmueller@example.org,(683)697-4749x886,1047
1017,Cameron Hawkins,smithangela@example.net,+1-837-332-2482x63668,1196
1018,Deborah Fleming,fishertimothy@example.com,001-281-634-1147x136,730
1019,Angela Bell,marcbender@example.org,(419)401-7508,1452
1020,Richard Ramsey,mcdanielwilliam@example.com,413.867.2645x270,575
1021,Lawrence Park,manuelkeith@example.org,525.942.8081x65423,1199
1022,Ryan Parker,rasmussenjacqueline@example.com,633-440-4034x515,1499
1023,Matthew Wade,tuckerloretta@example.com,+1-348-335-6701,376
1024,Danny Brown,xhughes@example.net,001-745-997-5359x4204,182
1025,William Thompson,christopher06@example.com,+1-340-855-5386x2004,153
1026,Riley Ford,lewistamara@example.org,+1-490-211-3499,735
1027,Autumn Leon,kmiller@example.com,001-287-889-7826x7495,1438
1028,Barbara Crawford,wwoods@example.org,001-874-432-0765x2317,751
1029,Victor Turner,michael25@example.com,(617)676-6127x777,1082
1030,Christian Mcconnell,stephenschristian@example.com,001-562-639-9692x393,63
1031,Juan Perez,paulking@example.org,(802)745-9144x1327,193
1032,Alexis Martin,eduardokane@example.com,468-293-9152x504,1255
1033,Melinda Lopez,cpeck@example.net,(709)803-7791x87983,588
1034,Cameron Stanley,allen77@example.org,(546)523-8884x8409,333
1035,Tiffany Martinez,lisawilson@example.org,825.446.2054,1440
1036,Krista James MD,pamelacain@example.com,(927)942-8832,378
1037,Jimmy Powell,ywilliams@example.net,334-430-8989x63370,722
1038,Megan Farley,simpsonanne@example.com,+1-499-609-7147x089,630
1039,Jacqueline Boyle,gabrielle34@example.net,930.714.7103x73265,117
1040,Annette Ward,waltermaxwell@example.org,579.482.3376x993,693
1041,Jacqueline Garcia,greggyoung@example.net,+1-367-513-2002x645,262
1042,Vincent Hoffman,woodsanthony@example.net,8203236135,1099
1043,Michael Davis,josephknight@example.org,231.906.1583x14754,1121
1044,Elizabeth Johnson,gibsonmargaret@example.net,+1-332-324-8093x0932,1296
1045,Linda Gonzales,craignovak@example.com,(677)493-1960x517,710
1046,Jenny Gregory,cynthia41@example.org,(464)409-7010x660,507
1047,Barbara Joyce,christopherzuniga@example.net,526.719.7126x216,923
1048,Jessica Ryan DVM,ginacole@example.org,+1-618-545-7113x11879,462
1049,Bobby Graham,rhonda49@example.net,237.758.7613x936,1174
1050,Jonathon Villanueva,vburnett@example.org,(813)764-4467,721
1051,Sean Jordan,vincent87@example.com,+1-735-542-7999x584,280
1052,Anne Noble,rachel12@example.net,542.231.9636x05532,1308
1053,Ashley King,williamsonemily@example.org,+1-608-896-7305x1963,522
1054,Brandy Rodriguez,derrick42@example.org,318.510.6433x0787,200
1055,Dustin Garcia,hmcintyre@example.org,733-885-2780,416
1056,Erica Morgan,alicia38@example.net,483-660-4647,896
1057,Amy Barton,rallen@example.com,289.519.3724x40288,1180
1058,Jordan Bush,johngates@example.org,+1-682-270-6103,648
1059,Dr. Timothy Stone,carlos76@example.com,001-464-448-3951x63721,1173
1060,Cindy Johnston,tpatel@example.org,(200)642-4097x667,375
1061,David Smith,jstanley@example.net,382.808.8190x3642,98
1062,Mark Doyle,brendagregory@example.org,536.718.9576x88503,92
1063,Lisa Sparks,alexander46@example.com,001-685-272-9656x358,765
1064,Elizabeth Smith,hannah80@example.net,346.929.3491x9727,320
1065,Jacob Johnson,meganwashington@example.com,+1-591-951-5175x273,1392
1066,Margaret Barrera,virginiahurst@example.net,(718)557-4057,98
1067,David Bishop,davisheather@example.com,499.285.4662x0726,624
1068,Jacqueline Willis,shirleylara@example.org,(665)376-6840x5410,404
1069,Amy Wilson,shaffermelissa@example.net,(416)345-4678x1673,778
1070,Jill Martinez,trhodes@example.com,717.393.8188x05662,652
1071,Dustin Salazar,stacy19@example.net,5987435223,1107
1072,Dominic Smith,simpsonfrank@example.com,(277)874-1439,706
1073,Christine Bailey,kimberly52@example.net,+1-205-984-3497x285,698
1074,Cynthia Miller,grahamjennifer@example.com,001-481-989-5543x06318,610
1075,Tony Bates,halljoshua@example.org,802-630-0086x412,1380
1076,Richard Lamb,bowmanbrent@example.net,330.841.7936,294
1077,Nicholas Woods,mphillips@example.org,(894)205-1965x0772,639
1078,Jennifer Kerr,ernest64@example.org,671.245.0897x4231,978
1079,Mr. Aaron Black,jennifercarey@example.com,894.352.7560x376,108
1080,Paul Delacruz,stephaniefinley@example.com,615.866.1434x615,989
1081,Patricia Warren,usullivan@example.org,+1-831-279-9351x915,1144
1082,Jennifer Hayes,bentleyelizabeth@example.org,2095166859,1499
1083,Travis Pearson,lindarandall@example.com,(330)640-3654x7142,178
1084,Eugene Ho,thompsongary@example.org,7876906949,586
1085,Scott Peters,heidinichols@example.net,001-631-729-9869x02397,762
1086,Michael Lane,eduardo07@example.org,001-948-393-8129,876
1087,Dillon York,christina23@example.org,001-242-791-4220x688,305
1088,Sara Mendoza,jonesblake@example.com,374-564-4837x70864,130
1089,Ashley Clark,matthew05@example.org,(926)275-0815x290,39
1090,Kevin Harris,rgiles@example.com,754-758-0565,1438
1091,Andrew Morales,wperez@example.net,(668)352-1813,501
1092,Elizabeth Pena,graysusan@example.org,(487)447-6548x1830,1384
1093,Dale Patel,makaylachapman@example.net,794-789-4714x8173,652
1094,Christopher Campbell,jennifer64@example.org,001-526-471-1259x62166,15
1095,Jasmine Conway,valeriealexander@example.com,+1-775-990-6326,1335
1096,Anthony Martin,gonzalezkathryn@example.com,(420)752-3027x3515,1383
1097,Daniel Cook,sedwards@example.com,(673)351-1847x6839,117
1098,Carol Mosley,weeksedward@example.org,952-871-2437x1578,514
1099,Jesse Cox,katie28@example.org,450.949.7638x437,200
1100,Robert Thomas,allen61@example.net,719.408.8915,787
1101,Ryan Johnson,josejacobs@example.net,001-303-352-7587,563
1102,Robert Gates,morganerin@example.com,(987)869-8000,942
1103,Deanna Hughes,qnelson@example.net,641-730-2173,1425
1104,Brandon Murray,grahameric@example.com,(640)773-8362,1081
1105,Joseph Ray,kconner@example.com,001-970-520-2443x81139,335
1106,Stephen Hines,danielle48@example.net,001-295-671-9468x27606,17
1107,Luke Rodriguez,emilycollins@example.com,413-742-3390,117
1108,Antonio Mcmahon,cassandraarcher@example.net,(785)854-9106,1427
1109,Ashley Johnson,michael36@example.org,+1-779-391-2626x9519,1402
1110,Wendy Davis,oterry@example.org,8178529899,375
1111,Stefanie Vaughn,reynoldsfred@example.org,340.366.4392,588
1112,Gabriella Huynh,ostewart@example.com,965-223-9172x2982,929
1113,Alexandra Curtis,yharris@example.com,228-444-4089x7694,482
1114,Jenny Alexander,marc83@example.com,(894)718-2768,955
1115,John Foley,daniel55@example.net,879-756-0765x5791,836
1116,Debra Le,sallyknight@example.org,001-810-994-7507x24570,1438
1117,Joseph Rivera,gilmoremike@example.com,596.423.3799x555,97
1118,Thomas Hale,rhondagallegos@example.net,(887)851-0548x75332,201
1119,David Mathis,codybrown@example.com,664-956-1572x5767,393
1120,Sandra Mcintyre,melissamatthews@example.org,6194933918,177
1121,Bruce Rhodes,apalmer@example.org,001-275-592-0795x21315,131
1122,Nicole Brown,james79@example.net,699.283.5934x9213,1379
1123,Mary Gutierrez,pittmanstephen@example.net,851-221-1775,873
1124,Pamela Castaneda,thompsonjames@example.net,(685)297-8125,1373
1125,Yolanda Ramirez,millerbrian@example.com,9402113777,95
1126,Tonya Lucero,madison17@example.org,(854)830-0878x79630,402
1127,Thomas Atkinson,philip47@example.net,+1-713-417-1913,1261
1128,Alyssa Christensen,nicolekelly@example.org,692.609.7796,169
1129,Shannon Johnson,conleyraven@example.org,967.281.9095x139,880
1130,Daniel Ortiz,bradleycynthia@example.org,(259)722-4872x11923,1294
1131,Joshua Byrd,garrettcraig@example.org,(911)534-6153,1429
1132,Kerri Williams,donnaperez@example.com,+1-871-978-8873,259
1133,Richard Gomez,turnerryan@example.net,549.578.7778,1433
1134,Mr. Brett Graham III,craigjohnson@example.com,810.766.5073,1340
1135,Erica Herrera,david38@example.com,(924)834-1436,1465
1136,Matthew Moore,hayesjennifer@example.net,+1-456-798-4672x88404,355
1137,Kevin Wilson,cranenancy@example.com,265-673-4921,1359
1138,Kristen Gilbert,glee@example.com,(313)790-7796x27747,131
1139,Jim Moore,robertmcclure@example.net,507.681.2782x188,1466
1140,Ashley Hunter,bgonzales@example.net,274.645.9987x37528,556
1141,Ryan Rodgers,samanthaespinoza@example.net,(365)478-2567,516
1142,Patricia Meyers,christopher95@example.com,597-719-6787,792
1143,Jonathon Davila,desireeevans@example.org,001-240-774-2015x1141,1326
1144,Sarah Cruz,devin81@example.net,859-512-6574,1340
1145,Megan Young,zsolis@example.org,(553)785-3013x2182,262
1146,Jeffrey Lowery,kevinschneider@example.com,001-996-458-9739x47529,141
1147,Jennifer Wilson,evasquez@example.net,001-691-330-8006x11818,1285
1148,David Love,lindseyacosta@example.org,+1-277-566-5735,155
1149,Kristina Bennett,amandajones@example.net,(227)826-8998x6810,1482
1150,Jose Simpson,longelizabeth@example.com,831.647.6792,636
1151,Christie Boyd,xrichmond@example.com,001-999-601-4221x3572,484
1152,Michael Silva,philipquinn@example.com,+1-560-547-4255x5843,341
1153,Alexandra Smith,yatesjill@example.com,365-928-8011,680
1154,Nicole Graves,gmack@example.org,498.415.2191x690,895
1155,Kelli Hamilton,guzmantroy@example.org,687-850-8447x621,520
1156,Stephen Carpenter,david71@example.com,819-376-7742x13270,1008
1157,Kevin Owens,samantha48@example.org,438-369-4920x68589,1449
1158,Laura Ramirez,brandon36@example.org,+1-698-229-0297x01541,626
1159,Robert Hogan,jeremy63@example.net,001-562-495-2352x146,872
1160,Sarah Cummings,thompsonheather@example.org,321.680.3962x4956,1043
1161,Amy Jones,jhall@example.net,536-306-4373,677
1162,Donna West,dustin34@example.com,001-507-415-0763x1826,1360
1163,Brian Porter,ufox@example.org,621-985-2638,939
1164,Christopher Brown,connie35@example.com,654.660.0544,1002
1165,Kyle Johnson,tarahudson@example.net,001-586-846-4279x6868,990
1166,Vernon Heath,colindean@example.org,(784)821-9624,1017
1167,Mark Franklin,patrick85@example.net,541.999.2602,792
1168,Sarah Bolton,ayaladiane@example.com,599-515-9991,43
1169,Johnathan Thornton,brandonjensen@example.org,001-553-594-7707x376,856
1170,Jeffrey Williams,lucas83@example.net,+1-989-880-3098x1789,843
1171,David Hughes,annadonovan@example.net,+1-315-227-3157x9473,883
1172,Adrian Benton,rachel27@example.org,001-323-654-2101,201
1173,Cindy Moore,jessica20@example.net,+1-317-273-9175,763
1174,Samantha Juarez,kellydavenport@example.com,325.843.5071,265
1175,Antonio Jackson,bentleycourtney@example.org,619-713-5005,466
1176,Randy Cole,franklinnatasha@example.com,936-538-1197x78408,378
1177,Lisa Walsh,rogersanthony@example.net,970.349.1052x351,1209
1178,Maria Lane,thomas23@example.org,001-945-251-0979x6896,103
1179,Jordan Parker,codyrice@example.net,5062000132,845
1180,Stephanie Maldonado,greyes@example.org,001-750-633-6231,923
1181,Derrick Fox,kvargas@example.org,4592353229,849
1182,Harold Giles,carolinethompson@example.com,(668)803-2545x37393,95
1183,Tracy Clark,pattersonwayne@example.org,001-442-304-1314,228
1184,Melanie Russell,brittany19@example.net,001-382-730-6001x45242,152
1185,Stephanie Le,jperry@example.org,001-904-285-2185,835
1186,Paul Hodge,ethompson@example.net,735-635-8018,23
1187,Juan Lewis,stevenpena@example.org,344.805.9966x085,1370
1188,Mark Gonzales,juliemartinez@example.com,001-942-528-6279x466,1393
1189,Austin Stewart,sean73@example.org,352.336.2278x9008,601
1190,Robert Graves,teresa05@example.org,775.410.5992x294,113
1191,Thomas Miller,porterlauren@example.org,001-624-945-8163x1329,73
1192,Wendy Cooper,jclayton@example.org,845.842.2485x228,272
1193,David Turner,vfreeman@example.com,488.678.1957x2806,490
1194,Colin Thomas,schmidtkatie@example.com,(274)702-8030x96929,1085
1195,Kenneth Mueller MD,ypalmer@example.org,972.746.2908x475,715
1196,Catherine Thomas,hillmaria@example.org,(573)269-1595x5818,1419
1197,Cindy Burke,hschmidt@example.com,+1-576-262-5378x378,1246
1198,Angela Cannon,pgonzalez@example.net,001-644-950-6605x48723,1414
1199,Luis Stanton,williamssteven@example.net,+1-359-900-1241x786,882
1200,Crystal Reid,jacobellis@example.net,001-743-652-8992x57605,356
1201,Michael Jacobson,bakereric@example.com,747.813.5834x43254,754
1202,Gina Morgan,brittany62@example.net,957.608.4449x36328,188
1203,Greg Meyers,james56@example.org,3836908505,427
1204,Jason Weeks,bakerhannah@example.net,7673116725,11
1205,Kelly Mullins,lopezray@example.net,001-549-659-8191x69077,761
1206,Sandra Collier,richardburton@example.com,781-519-6564,756
1207,Allison Gomez,cpitts@example.com,+1-299-640-8789,451
1208,Jesus Townsend,lfuller@example.com,(561)637-3873x55420,521
1209,Lisa Kennedy,courtney72@example.com,+1-426-954-8282x2343,304
1210,Craig Smith Jr.,alexanderanna@example.org,626-266-9313x4423,98
1211,Jeffrey Richardson,wendythomas@example.org,(510)582-9178,105
1212,Travis Nguyen,edwardflores@example.org,818-674-7624,127
1213,Christopher Rivera,kevin60@example.net,(891)874-7971,1264
1214,Mitchell Johnson,danielalvarez@example.org,9217228463,1451
1215,Edwin Clark DDS,blloyd@example.net,586-532-6405,385
1216,Devon Anderson,meagan80@example.net,5386591030,1143
1217,Kimberly Oneill,emolina@example.com,997.791.8599x3697,801
1218,Lydia Griffin,nichole75@example.org,568.770.4328,1351
1219,Timothy Robinson,ryanramirez@example.org,919.375.0645x751,153
1220,Alexander Leon,guzmandawn@example.net,738-790-4447x2162,1055
1221,James Lee,whitneybarajas@example.net,(379)795-3233x030,781
1222,Dustin Chavez,anthony64@example.org,757-836-3133x1607,184
1223,Cassandra Rivera,toddrobbins@example.net,803-809-1740x8434,760
1224,Dakota Jenkins,stephanie03@example.org,+1-708-800-6317,208
1225,Lauren Dennis,ilane@example.com,001-680-469-1393x629,237
1226,Mr. Tyler Logan,haleyscott@example.org,9452730444,1217
1227,Dawn Gray,mcdonalderic@example.net,720-704-1233x29430,176
1228,Jesse Hood,williamsann@example.net,429-804-3626,416
1229,Pamela Duffy,gallowaybrandi@example.org,(922)841-0984x49390,121
1230,Melanie Lewis,fgallagher@example.org,416-530-2230x4017,776
1231,William Long,singhtimothy@example.com,+1-835-461-7923x453,273
1232,Douglas Hart,cmorales@example.com,001-417-662-2683x94910,783
1233,Charles Walsh,regina22@example.org,539.563.6522x33389,644
1234,Krista Lopez,lyoung@example.com,+1-480-865-1917x029,481
1235,Cheryl Scott,mdavis@example.org,771-945-7912,1278
1236,Zachary Palmer,erica26@example.net,764.641.7537x293,1108
1237,Bethany Miller,vflores@example.org,+1-626-514-4213x46654,424
1238,Casey Rodriguez,zboyer@example.com,294-866-2299x40720,621
1239,Brian Sellers,vdawson@example.com,(591)302-0872,236
1240,Justin Garcia,zgallagher@example.net,984.619.9981x5830,743
1241,Gary Smith,kaylaferguson@example.com,660-271-6760x54345,796
1242,Lisa Gallegos,llane@example.org,001-819-774-4185,85
1243,Kimberly Collins,williamscarl@example.net,+1-979-935-9466,805
1244,Christina Wilson,masseylaura@example.com,+1-874-920-6197x488,832
1245,Amy Jones,phillipsstephen@example.com,789.394.9283x00315,1170
1246,Jeffrey Stevens,phillip40@example.org,(331)285-7073x056,234
1247,Kevin Hamilton,petermckay@example.net,539.239.7184,1393
1248,Molly Paul,kristina43@example.net,+1-429-203-2892,1012
1249,Jessica Martinez,wrightwilliam@example.com,559.797.8049,1281
1250,Alejandra Thompson,hstephens@example.net,(804)942-9752x91156,203
1251,Kayla Edwards,alexa41@example.net,(890)286-3356x8756,632
1252,Gary Mendoza,jeremyreese@example.org,(478)377-8461x270,1405
1253,Casey Flynn,chill@example.net,(241)873-7887,1200
1254,Joseph Williams,tuckerbrett@example.com,501-432-7284x921,1088
1255,Mary Bennett,ioneill@example.com,001-897-418-9057x38962,1056
1256,Jordan Peterson,cindyhardin@example.net,781.719.9354x4858,1467
1257,Ryan Buchanan,nancy41@example.com,(313)729-8307x939,1408
1258,Jeffery Flores,tiffanywalker@example.org,858.208.2174x0824,733
1259,Nancy Griffin,swansonamy@example.com,+1-964-904-9065x5031,505
1260,Jeff Thornton,thomas72@example.org,+1-786-277-1148x5994,1427
1261,Scott King,linda23@example.net,964-773-6996x829,733
1262,Morgan Moore,stephaniefoster@example.net,774-645-7360x501,676
1263,Stephanie Arellano,wesleymcbride@example.net,4406553503,1090
1264,Aaron Marsh,david49@example.net,653-725-6514x221,586
1265,Rodney Dawson,denise37@example.net,(906)223-1652,155
1266,Brandon Hernandez,lorivaughn@example.org,(872)393-8566,642
1267,Stephen Sherman,acevedoanthony@example.net,+1-202-262-9853x82367,1005
1268,Mark Taylor,longmichael@example.org,+1-749-962-0208x66580,654
1269,Allison Benson PhD,robertsmith@example.org,+1-891-837-3491x94100,1052
1270,Kurt Anderson,bmoses@example.org,229.958.8484x94370,188
1271,Penny Long,gthompson@example.org,(291)543-6274x90069,714
1272,Jason Fisher,antonionguyen@example.net,543.818.9843x0420,758
1273,Kerry Burnett,vtaylor@example.org,404-983-7349,1025
1274,Dawn Davis,alyssakeller@example.org,(252)742-8216x9078,544
1275,Tim Michael DDS,fuenteslauren@example.org,848.720.4706x86268,360
1276,Vanessa Hart,boylebrian@example.org,971-574-0607x07553,622
1277,Robert Williams,dianewilliams@example.com,+1-734-726-8863x887,1432
1278,Jodi Foster,higginschristopher@example.net,822-967-6137,739
1279,Javier Johnson,youngleonard@example.com,826-523-3628x361,128
1280,Melissa Banks,skrause@example.org,+1-213-706-0105x633,421
1281,Cody Alvarez,kmeyers@example.com,+1-334-568-2801x2100,819
1282,Amanda Duncan PhD,davidmckenzie@example.com,470-974-1149,1086
1283,Jonathan Mcgee,omalone@example.net,624.859.5928,157
1284,Joshua Davis,stewartjason@example.net,001-314-745-6642,1302
1285,Sean Clark,brittany51@example.org,(892)589-4395,1339
1286,Ashley Ruiz,samuelrivera@example.com,001-311-517-2457x7974,11
1287,Megan Hunt,kevin57@example.net,974-622-3094,196
1288,Matthew Martinez,coledavid@example.net,(528)340-9875x025,1361
1289,Catherine Black DVM,annette92@example.net,842.349.7769,1085
1290,George Mays,markking@example.com,001-885-954-6524x56729,731
1291,Christopher Howe,allenheather@example.com,+1-785-536-1561x213,980
1292,Joshua Morgan,ywalker@example.org,(804)339-1101x392,330
1293,William Russo,jennifercabrera@example.net,453-246-2813x8667,290
1294,Savannah Torres,justinshah@example.net,8915542504,992
1295,Jessica West,griffinpaula@example.net,(730)240-0891x166,709
1296,Michelle Lopez,davistony@example.net,001-610-588-0063x73177,1052
1297,Chad Decker,joseph63@example.net,735.309.2761x045,472
1298,Alexandria Baker,ulogan@example.org,+1-823-339-3587x46748,1341
1299,Ricardo Peterson,cisneroscynthia@example.com,(636)995-9769x6480,1240
1300,Kyle Young,efernandez@example.net,001-232-744-2733,1143
1301,Steven Beck,drobinson@example.org,579.461.9925x8226,1223
1302,Mark Castillo,rblevins@example.net,596-996-7582x209,443
1303,Kathy Lewis,lalexander@example.com,467-392-9553x54533,563
1304,Amber Lawrence,fpearson@example.com,615.723.9365x9745,471
1305,Larry Turner,ibrown@example.net,4552368141,1260
1306,Cynthia Reese,abigailcoleman@example.org,(437)839-7547x49080,62
1307,Kimberly Sandoval,jeremy73@example.org,(251)347-2926x7595,529
1308,William Hendrix,harveyhannah@example.net,314.251.8538x7055,865
1309,Cynthia Caldwell,elizabeth94@example.net,001-618-414-6106x156,376
1310,Kathy Mitchell,ygraham@example.com,001-646-384-4114x00916,1135
1311,Vincent Holt,cunninghammary@example.org,001-834-317-6536x6745,593
1312,Kaitlin Bartlett,kingjennifer@example.org,001-649-832-0824x8242,939
1313,Kendra Jensen,leroyherman@example.net,948.977.2305,415
1314,James Williams,rebecca65@example.com,+1-434-598-2861x7046,1003
1315,Jason Lynch,sgreen@example.com,999-241-9259x4436,1320
1316,Kelly Vasquez,gregoryallen@example.net,(605)734-2461,1019
1317,Theresa Robinson,lisafisher@example.org,+1-770-804-7270x867,715
1318,Mr. Shawn Patel PhD,pricesarah@example.org,+1-474-473-7051x04440,1361
1319,David Francis,amorales@example.com,320-825-1555x34765,661
1320,Lori Castro,katelynbrown@example.com,952-980-8154,125
1321,William Ramsey,melanie21@example.net,001-594-549-2161x305,419
1322,Dawn Wyatt,fgraham@example.com,309-900-0640,507
1323,Megan Smith,anna58@example.org,931.518.9157,1023
1324,Daniel Santos,cookphillip@example.com,(513)863-8256,589
1325,Stacey Boyle,tracyrogers@example.net,432-805-1956,1136
1326,Brian Lopez,glennjennifer@example.net,001-409-958-0488,1037
1327,Patrick Moore,brittney03@example.net,701-775-3027,1028
1328,Lisa Le,ebrooks@example.net,001-524-909-6426x84123,623
1329,Amy Short,xnelson@example.net,610-866-9279x308,461
1330,Jillian Stone,michellehiggins@example.net,(370)596-0094x589,301
1331,Jocelyn Rollins,monicadougherty@example.org,265.528.6401x58302,1321
1332,John Mendoza,kevin89@example.org,(945)487-7779x2962,871
1333,Sara Garza,scottbarber@example.org,(897)249-9499x78543,564
1334,Kristen Gross,scottjulia@example.com,611.344.1020x81133,948
1335,Cynthia Walls,millerruben@example.net,895.640.2495,1443
1336,John Valenzuela,gregoryjohn@example.net,(276)857-1249x51176,876
1337,Monica Stone,jeanettesanchez@example.org,423-511-2718,649
1338,Joy Stewart,victordunn@example.org,795-714-3010,118
1339,Jodi Ochoa,efletcher@example.net,(357)799-3185,894
1340,Brian Mack,uwebb@example.org,001-331-989-5718x506,1067
1341,Kylie Ramos,jennifer11@example.net,360.388.7872x7123,502
1342,Rebekah Conrad,jenniferharrison@example.net,249-501-0115x8012,449
1343,Adam Clayton,james21@example.net,001-753-899-5650x0437,1430
1344,Jose Cohen,fryerica@example.com,4445277302,1040
1345,Chad Carter,virginiabailey@example.org,580-794-6250,795
1346,Susan Crosby,colerodriguez@example.org,466-765-3919x518,447
1347,Stacie Butler,djordan@example.net,+1-479-372-9388x8543,1125
1348,Susan Harris,austin81@example.com,+1-695-913-2579x18759,172
1349,John Wolf,qmcgrath@example.net,(787)281-5663,1132
1350,Kim Jacobs,curtis56@example.org,513.285.3709x9656,237
1351,Jason Schroeder DDS,bryantkayla@example.org,+1-401-251-5436,505
1352,James Johnson,eric64@example.net,262-509-7728x6702,563
1353,Michelle Marshall,karenmiller@example.com,+1-720-763-8573x069,940
1354,Dr. Nicole Murphy MD,jeremygreen@example.net,001-902-350-3268,517
1355,Sylvia Morgan,mpeterson@example.com,872-387-9561x002,562
1356,Heather Chavez,psmith@example.net,(696)287-6451,1488
1357,Donald Martinez,kevin42@example.net,482-418-8399x033,1042
1358,Jessica Johnson,marcus18@example.com,655-583-1146x69002,405
1359,Autumn Palmer,trevor55@example.com,(581)619-5344x74817,1062
1360,Bridget Bailey,peter53@example.org,281.910.2324,998
1361,Benjamin Holt,jilltorres@example.com,(309)640-9914x4031,347
1362,Joseph Serrano,edwardstracy@example.org,+1-945-334-8657x76202,1368
1363,Lauren Baker,adamsimon@example.org,001-895-416-5014x397,376
1364,Annette Marshall,adamkelly@example.org,415.428.2222x528,156
1365,Dale Le,jeremyadams@example.net,001-518-962-6606x003,164
1366,Erica Bell DVM,anthonydavis@example.net,(301)555-0641x32902,1336
1367,Anita Brewer,moodyeric@example.com,001-476-576-3559x04597,1258
1368,Kelly Frank,fjordan@example.org,4645862413,1036
1369,Bradley Leonard,destinymartinez@example.net,810.428.9102x7712,31
1370,Renee Roberts,breannawatson@example.net,779-676-6890,71
1371,Dan Salazar,tracy85@example.net,548-955-0285,770
1372,Tiffany Gay,zachary15@example.net,+1-905-320-0922x606,708
1373,Angel Hernandez,lnavarro@example.org,+1-756-593-9626x259,119
1374,Jeffrey Hernandez,april22@example.net,512-682-1771x263,1222
1375,Dr. Amy Heath,melissamyers@example.org,+1-658-961-9797x08516,484
1376,Kristi Osborn,garciadawn@example.net,001-977-468-7714x92489,174
1377,Maria White,ndaniel@example.com,306-948-1607x4975,308
1378,Pamela Johnson,linmatthew@example.net,544.438.3778,890
1379,Miss Megan Parker,amandaknox@example.com,001-893-586-9723x270,825
1380,Brian Bell,jberger@example.net,579-865-4009x5695,1362
1381,Ryan Graves,michaeladams@example.net,+1-382-540-6470x68912,627
1382,Todd Mccann,rharris@example.org,453.900.3786x91280,849
1383,Adam Robinson,emily28@example.net,8032853427,702
1384,Leonard Osborne,rturner@example.org,441-759-4484,314
1385,Kenneth Hart,salexander@example.org,+1-684-998-4782x4757,123
1386,Devin Thompson,jamesgonzalez@example.com,274-942-9581x3056,102
1387,Dawn Wong,taylor70@example.org,(934)629-0856x4021,214
1388,John Walker,amoore@example.com,+1-432-573-9048,1456
1389,Brian Cook,ustewart@example.org,204.358.1748,1142
1390,Susan Mccoy,amber87@example.net,2137355111,480
1391,Debbie Garcia,pattonjuan@example.org,+1-873-995-0969x84394,1329
1392,Jacob Barker,dparker@example.com,(777)579-3128x6611,1201
1393,Stephanie Murphy,brittany01@example.org,+1-911-630-0627x5110,670
1394,Jennifer Goodwin,jamesamy@example.org,+1-670-661-8420,1473
1395,Gregory Evans,josephbarajas@example.org,001-677-716-3402x784,1278
1396,Chelsea Russell,kristinpena@example.net,854.814.0071,1386
1397,Daniel Miller,pwhite@example.net,688.392.1859,1456
1398,Eric Johnson,nancygonzales@example.com,(224)861-1534x4974,503
1399,Elizabeth Miller,jennifer09@example.net,9279397462,835
1400,James Oconnor,allenmarsh@example.org,+1-488-289-6488x5462,957
1401,Austin Williams,blevinspatricia@example.org,253.270.0385,740
1402,Cody Gardner,hicksbrenda@example.com,376-607-6226x8773,929
1403,Christopher Allison,michael24@example.org,814-945-6803x4958,205
1404,Anthony Sanchez,mccarthyjames@example.org,(296)396-0534x32307,9
1405,Chelsea Ingram,eric45@example.com,(230)790-9039x33007,85
1406,Ashley Lambert,erik59@example.org,203.369.2832,917
1407,Thomas Roberts,amy93@example.net,597.526.2632x11152,965
1408,Natalie Lewis,melissa39@example.com,(821)863-0310x795,1206
1409,Dr. Anthony Nguyen,jeffreylopez@example.net,219-804-2689x4543,693
1410,Brittany Jenkins,omitchell@example.net,001-893-621-3618x6383,259
1411,Michael West,hnguyen@example.org,275.308.3242x4115,1417
1412,Stephanie Lee,iward@example.com,001-623-314-2528,1030
1413,Kelli Chavez,brandonburns@example.net,+1-816-603-4211x307,1052
1414,Donald Smith,wisejohn@example.net,(785)632-2247x778,698
1415,Matthew Jenkins,anne82@example.net,001-816-573-7947x948,512
1416,James Jones,alancaldwell@example.org,254.809.3063,1038
1417,Debra Young,ysmith@example.com,(618)622-7250x303,305
1418,Veronica Parker,timothy84@example.org,461.803.2230x850,603
1419,Robert Herrera,belldevin@example.com,(572)490-7978,927
1420,Tina Calderon,hillthomas@example.com,9596092652,365
1421,Philip Mclean,hutchinsonwilliam@example.com,(297)543-1997x354,1482
1422,Samantha Smith,vincentharris@example.org,918.441.7206x781,415
1423,Raymond Lee,ohill@example.net,001-504-221-7348x64724,1079
1424,Melissa Schmidt,hboone@example.org,7423580790,835
1425,Ms. Brandi Wright,mfrost@example.net,(898)206-8049x7170,596
1426,Alexander Wilson,hwalker@example.org,504.668.6293,886
1427,Thomas Hernandez,grahamrobert@example.net,631.726.6419x7698,1012
1428,Joseph Wright,john12@example.org,+1-210-485-8875x92647,1226
1429,Deborah Wiggins,ubarrett@example.net,(935)538-4128x263,301
1430,Danielle Sampson,dyermelanie@example.com,+1-565-700-1943,526
1431,Anthony Robertson,kmcbride@example.net,601-355-9654,705
1432,Ms. Sabrina Knight,davidbarker@example.com,587-350-4267x09601,188
1433,Timothy Kim,tsmith@example.com,468-643-8787,761
1434,Andrea Bates,alyssarussell@example.org,323-424-3478,245
1435,Maurice Torres,grodriguez@example.org,(761)535-7967x077,1331
1436,Robert Chavez,christophermiller@example.org,675-468-5091x9331,1122
1437,Samantha Johnson,qlawrence@example.net,(449)542-4160x57577,512
1438,Holly Ross,jennifer46@example.com,835.644.4186,1369
1439,Dylan Sloan,brennanderek@example.org,748.917.9076,1169
1440,Cole Allison,michelleshaw@example.net,681-929-5150,1253
1441,Mario Smith,brhodes@example.com,744.862.0333,250
1442,Sarah Johnson,boyerbrian@example.net,001-649-407-1452x902,167
1443,John Campbell,samantha63@example.net,(836)528-8146x87131,1067
1444,Rebecca Rivera,nicholsandrea@example.com,769.523.4590,1427
1445,Shelly Vasquez,jesse90@example.org,(450)753-9916,713
1446,Anna Blankenship,saragibson@example.org,296-885-0146,206
1447,Grace Davis,howard96@example.net,8858853773,1056
1448,Brian Jenkins,elizabeth72@example.net,001-766-498-2610x95996,392
1449,Jessica Zuniga,finleychase@example.net,001-397-863-2658x3760,454
1450,Nancy Cook,wcarlson@example.com,001-735-856-1375,21
1451,Anna Castillo,kristensullivan@example.com,5332749929,1131
1452,Angela Lowe,taylor15@example.org,(789)381-2936x96764,244
1453,Christopher Huang,uvang@example.org,+1-944-818-6784x487,1423
1454,Christopher Silva,bowersstacey@example.org,(286)260-9613,154
1455,Mr. Christopher Paul,stewartjulie@example.com,851.506.0919x12457,532
1456,Dr. Caitlin Jordan,erikdaniels@example.org,941.537.1073x057,1215
1457,Steven Beasley,iflores@example.org,(984)758-2536x30839,311
1458,Randy Simpson,aandrade@example.net,841-906-6385,1132
1459,Robin Duran,garciamark@example.net,+1-685-845-8346x904,970
1460,Gregory Mercado,rebeccabrown@example.com,796-981-0229x78980,1121
1461,Rebekah Forbes,allen79@example.net,548.815.8326x3141,667
1462,Debra Torres,qwilliams@example.net,449.903.1763x039,753
1463,Jason Smith,jessica21@example.org,+1-533-984-2290x683,1066
1464,Destiny Cross,leahcoleman@example.com,324-200-9629,184
1465,Beth Brooks MD,wandajackson@example.org,903-875-7148,996
1466,Jennifer Butler,rachaeljohnson@example.com,604.638.8408,406
1467,Linda Stafford,tmathews@example.org,(433)316-7897x01106,181
1468,Lynn Gilmore,robertlivingston@example.com,3892268226,329
1469,Cathy Kelley,ryanhowell@example.com,001-752-758-3409x04223,1306
1470,Kelly Peters,vsmith@example.com,278-498-1523x1891,224
1471,Richard Lee,jonathanferguson@example.org,(232)557-5205,1117
1472,Teresa Henderson,robert04@example.net,841.378.2626x0262,239
1473,Christian Hernandez,lmccarthy@example.com,(245)505-4963x77198,129
1474,George Kennedy,wendy51@example.com,(304)457-2785x9123,47
1475,James Parsons,matthewedwards@example.com,610-795-7345x6186,492
1476,Sean Payne,robertrubio@example.com,+1-811-972-1225x27214,170
1477,Peter Scott,patriciawong@example.net,+1-756-735-3425,508
1478,Brenda Wells,edwardbush@example.org,(610)853-2203,1251
1479,Donald Conner,rturner@example.com,(883)284-5160x1540,872
1480,Michael Gross,fthornton@example.com,720.524.5773x1365,58
1481,James Johnson,rebeccaroman@example.org,204.897.4512x940,707
1482,Margaret Christensen,bmarshall@example.net,(569)634-5010,293
1483,Linda Thomas,joseph41@example.com,001-388-440-0457x5814,339
1484,Sabrina Payne,rdiaz@example.com,919-210-1356x42187,442
1485,Travis Cannon,angelacochran@example.org,368-872-1780,865
1486,Melinda Pittman,shortsteven@example.com,584.616.3914,14
1487,Anthony Russell MD,jenniferlee@example.org,(370)936-3886,1220
1488,Brett Pace,fordsheila@example.net,589.599.8293x91136,442
1489,Derrick Benton,aknapp@example.org,001-897-482-0795x874,709
1490,Hannah Moore,franklinkevin@example.com,(371)727-9751x906,652
1491,William Blanchard,dominguezkelly@example.com,(846)270-9868,1198
1492,Timothy Oconnell,ymason@example.org,+1-336-275-0561x49865,704
1493,Jeffrey Wells,kelly89@example.net,758.827.3559x0696,100
1494,Troy Yoder,lopezjason@example.org,464.223.4790x88917,14
1495,Jennifer Lewis,mullinsbrian@example.net,001-612-598-4245x4492,688
1496,William Carter,gbishop@example.com,+1-895-638-5138,702
1497,Cindy Marshall,brian18@example.com,357-444-2717x206,768
1498,Cody Reid,gabriellawilliams@example.com,8618087476,988
1499,Michelle Valdez,ramirezadam@example.org,830-950-9785,861
1500,Tiffany Williams,eschmidt@example.net,+1-457-201-0507x218,543
